﻿<?xml version="1.0" encoding="utf-8"?>
<ErrorLog>
  <Log LogId="1" Status="NO PAYOUT DONE" LogTime="04-03-2016 01:59:54" />
  <Log LogId="2" Status="ExecutePayouts SP triggered" LogTime="04-03-2016 07:48:19" />
  <Log LogId="3" Status="NO PAYOUT DONE" LogTime="04-03-2016 07:48:21" />
  <Log LogId="4" Status="ExecutePayouts SP triggered" LogTime="04-03-2016 07:51:43" />
  <Log LogId="5" Status="NO PAYOUT DONE" LogTime="04-03-2016 07:51:44" />
  <Log LogId="6" Status="ExecutePayouts SP triggered" LogTime="04-03-2016 07:53:14" />
  <Log LogId="7" Status="NO PAYOUT DONE" LogTime="04-03-2016 07:53:17" />
  <Log LogId="8" Status="ExecutePayouts SP triggered" LogTime="04-03-2016 07:54:22" />
  <Log LogId="9" Status="NO PAYOUT DONE" LogTime="04-03-2016 07:54:22" />
  <Log LogId="10" Status="ExecutePayouts SP triggered" LogTime="04-03-2016 07:55:22" />
  <Log LogId="11" Status="NO PAYOUT DONE" LogTime="04-03-2016 07:55:22" />
  <Log LogId="12" Status="ExecutePayouts SP triggered" LogTime="04-03-2016 07:56:22" />
  <Log LogId="13" Status="NO PAYOUT DONE" LogTime="04-03-2016 07:56:22" />
  <Log LogId="14" Status="ExecutePayouts SP triggered" LogTime="04-03-2016 08:02:16" />
  <Log LogId="15" Status="NO PAYOUT DONE" LogTime="04-03-2016 08:02:30" />
  <Log LogId="16" Status="ExecutePayouts SP triggered" LogTime="04-03-2016 08:06:46" />
  <Log LogId="17" Status="NO PAYOUT DONE" LogTime="04-03-2016 08:06:46" />
  <Log LogId="18" Status="ExecutePayouts SP triggered" LogTime="04-03-2016 08:07:46" />
  <Log LogId="19" Status="NO PAYOUT DONE" LogTime="04-03-2016 08:07:46" />
  <Log LogId="20" Status="ExecutePayouts SP triggered" LogTime="04-03-2016 08:08:46" />
  <Log LogId="21" Status="NO PAYOUT DONE" LogTime="04-03-2016 08:08:46" />
  <Log LogId="22" Status="ExecutePayouts SP triggered" LogTime="04-03-2016 08:09:46" />
  <Log LogId="23" Status="NO PAYOUT DONE" LogTime="04-03-2016 08:09:46" />
  <Log LogId="24" Status="ExecutePayouts SP triggered" LogTime="04-03-2016 09:20:07" />
  <Log LogId="25" Status="NO PAYOUT DONE" LogTime="04-03-2016 09:20:09" />
  <Log LogId="26" Status="ExecutePayouts SP triggered" LogTime="04-03-2016 09:50:09" />
  <Log LogId="27" Status="NO PAYOUT DONE" LogTime="04-03-2016 09:50:09" />
  <Log LogId="28" Status="ExecutePayouts SP triggered" LogTime="04-03-2016 09:59:23" />
  <Log LogId="29" Status="NO PAYOUT DONE" LogTime="04-03-2016 09:59:24" />
  <Log LogId="30" Status="ExecutePayouts SP triggered" LogTime="04-03-2016 22:24:05" />
  <Log LogId="31" Status="NO PAYOUT DONE" LogTime="04-03-2016 22:24:05" />
  <Log LogId="32" Status="ExecutePayouts SP triggered" LogTime="04-03-2016 22:54:05" />
  <Log LogId="33" Status="NO PAYOUT DONE" LogTime="04-03-2016 22:54:06" />
  <Log LogId="34" Status="ExecutePayouts SP triggered" LogTime="04-03-2016 23:24:06" />
  <Log LogId="35" Status="NO PAYOUT DONE" LogTime="04-03-2016 23:24:07" />
  <Log LogId="36" Status="ExecutePayouts SP triggered" LogTime="04-03-2016 23:43:06" />
  <Log LogId="37" Status="NO PAYOUT DONE" LogTime="04-03-2016 23:43:08" />
  <Log LogId="38" Status="ExecutePayouts SP triggered" LogTime="05-03-2016 00:07:40" />
  <Log LogId="39" Status="Failed" LogTime="05-03-2016 00:07:41" />
  <Log LogId="40" Status="ExecutePayouts SP triggered" LogTime="05-03-2016 00:36:26" />
  <Log LogId="41" Status="Failed" LogTime="05-03-2016 00:36:26" />
  <Log LogId="42" Status="ExecutePayouts SP triggered" LogTime="05-03-2016 00:41:09" />
  <Log LogId="43" Status="Failed" LogTime="05-03-2016 00:41:12" />
  <Log LogId="44" Status="ExecutePayouts SP triggered" LogTime="05-03-2016 01:03:53" />
  <Log LogId="45" Status="Failed" LogTime="05-03-2016 01:03:57" />
  <Log LogId="46" Status="ExecutePayouts SP triggered" LogTime="05-03-2016 01:33:57" />
  <Log LogId="47" Status="Failed" LogTime="05-03-2016 01:33:57" />
  <Log LogId="48" Status="ExecutePayouts SP triggered" LogTime="05-03-2016 02:08:22" />
  <Log LogId="49" Status="Failed" LogTime="05-03-2016 02:08:22" />
  <Log LogId="50" Status="ExecutePayouts SP triggered" LogTime="05-03-2016 02:16:04" />
  <Log LogId="51" Status="Failed" LogTime="05-03-2016 02:16:05" />
  <Log LogId="52" Status="ExecutePayouts SP triggered" LogTime="05-03-2016 02:30:29" />
  <Log LogId="53" Status="Failed" LogTime="05-03-2016 02:30:30" />
  <Log LogId="54" Status="ExecutePayouts SP triggered" LogTime="05-03-2016 03:00:30" />
  <Log LogId="55" Status="Failed" LogTime="05-03-2016 03:00:30" />
  <Log LogId="56" Status="ExecutePayouts SP triggered" LogTime="05-03-2016 03:30:30" />
  <Log LogId="57" Status="Failed" LogTime="05-03-2016 03:30:30" />
  <Log LogId="58" Status="ExecutePayouts SP triggered" LogTime="05-03-2016 04:00:31" />
  <Log LogId="59" Status="Failed" LogTime="05-03-2016 04:00:31" />
  <Log LogId="60" Status="ExecutePayouts SP triggered" LogTime="05-03-2016 04:30:31" />
  <Log LogId="61" Status="Failed" LogTime="05-03-2016 04:30:31" />
  <Log LogId="62" Status="ExecutePayouts SP triggered" LogTime="05-03-2016 05:00:31" />
  <Log LogId="63" Status="Failed" LogTime="05-03-2016 05:00:31" />
  <Log LogId="64" Status="ExecutePayouts SP triggered" LogTime="05-03-2016 05:30:31" />
  <Log LogId="65" Status="Failed" LogTime="05-03-2016 05:30:31" />
  <Log LogId="66" Status="ExecutePayouts SP triggered" LogTime="05-03-2016 06:00:32" />
  <Log LogId="67" Status="Failed" LogTime="05-03-2016 06:00:32" />
  <Log LogId="68" Status="ExecutePayouts SP triggered" LogTime="05-03-2016 06:30:32" />
  <Log LogId="69" Status="Failed" LogTime="05-03-2016 06:30:33" />
  <Log LogId="70" Status="ExecutePayouts SP triggered" LogTime="05-03-2016 07:00:33" />
  <Log LogId="71" Status="Failed" LogTime="05-03-2016 07:00:34" />
  <Log LogId="72" Status="ExecutePayouts SP triggered" LogTime="05-03-2016 07:30:34" />
  <Log LogId="73" Status="Failed" LogTime="05-03-2016 07:30:34" />
  <Log LogId="74" Status="ExecutePayouts SP triggered" LogTime="05-03-2016 08:00:34" />
  <Log LogId="75" Status="Failed" LogTime="05-03-2016 08:00:34" />
  <Log LogId="76" Status="ExecutePayouts SP triggered" LogTime="05-03-2016 08:30:34" />
  <Log LogId="77" Status="Failed" LogTime="05-03-2016 08:30:34" />
  <Log LogId="78" Status="ExecutePayouts SP triggered" LogTime="05-03-2016 09:00:34" />
  <Log LogId="79" Status="Failed" LogTime="05-03-2016 09:00:35" />
  <Log LogId="80" Status="ExecutePayouts SP triggered" LogTime="05-03-2016 09:30:35" />
  <Log LogId="81" Status="Failed" LogTime="05-03-2016 09:30:35" />
  <Log LogId="82" Status="ExecutePayouts SP triggered" LogTime="05-03-2016 10:00:35" />
  <Log LogId="83" Status="Failed" LogTime="05-03-2016 10:00:35" />
  <Log LogId="84" Status="ExecutePayouts SP triggered" LogTime="05-03-2016 10:30:35" />
  <Log LogId="85" Status="Failed" LogTime="05-03-2016 10:30:36" />
  <Log LogId="86" Status="ExecutePayouts SP triggered" LogTime="05-03-2016 11:00:36" />
  <Log LogId="87" Status="Failed" LogTime="05-03-2016 11:00:36" />
  <Log LogId="88" Status="ExecutePayouts SP triggered" LogTime="05-03-2016 11:30:36" />
  <Log LogId="89" Status="Failed" LogTime="05-03-2016 11:30:37" />
  <Log LogId="90" Status="ExecutePayouts SP triggered" LogTime="05-03-2016 12:00:37" />
  <Log LogId="91" Status="Failed" LogTime="05-03-2016 12:00:37" />
  <Log LogId="92" Status="ExecutePayouts SP triggered" LogTime="05-03-2016 12:30:37" />
  <Log LogId="93" Status="Failed" LogTime="05-03-2016 12:30:40" />
  <Log LogId="94" Status="ExecutePayouts SP triggered" LogTime="05-03-2016 13:00:40" />
  <Log LogId="95" Status="Failed" LogTime="05-03-2016 13:00:41" />
  <Log LogId="96" Status="ExecutePayouts SP triggered" LogTime="05-03-2016 13:30:41" />
  <Log LogId="97" Status="Failed" LogTime="05-03-2016 13:30:41" />
  <Log LogId="98" Status="ExecutePayouts SP triggered" LogTime="05-03-2016 14:00:41" />
  <Log LogId="99" Status="Failed" LogTime="05-03-2016 14:00:41" />
  <Log LogId="100" Status="ExecutePayouts SP triggered" LogTime="05-03-2016 14:30:41" />
  <Log LogId="101" Status="Failed" LogTime="05-03-2016 14:30:41" />
  <Log LogId="102" Status="ExecutePayouts SP triggered" LogTime="05-03-2016 15:00:41" />
  <Log LogId="103" Status="Failed" LogTime="05-03-2016 15:00:42" />
  <Log LogId="104" Status="ExecutePayouts SP triggered" LogTime="05-03-2016 15:30:42" />
  <Log LogId="105" Status="Failed" LogTime="05-03-2016 15:30:42" />
  <Log LogId="106" Status="ExecutePayouts SP triggered" LogTime="05-03-2016 16:00:42" />
  <Log LogId="107" Status="Failed" LogTime="05-03-2016 16:00:42" />
  <Log LogId="108" Status="ExecutePayouts SP triggered" LogTime="05-03-2016 16:30:42" />
  <Log LogId="109" Status="Failed" LogTime="05-03-2016 16:30:42" />
  <Log LogId="110" Status="ExecutePayouts SP triggered" LogTime="05-03-2016 17:00:42" />
  <Log LogId="111" Status="Failed" LogTime="05-03-2016 17:00:43" />
  <Log LogId="112" Status="ExecutePayouts SP triggered" LogTime="05-03-2016 17:30:43" />
  <Log LogId="113" Status="Failed" LogTime="05-03-2016 17:30:43" />
  <Log LogId="114" Status="ExecutePayouts SP triggered" LogTime="05-03-2016 18:00:43" />
  <Log LogId="115" Status="Failed" LogTime="05-03-2016 18:00:43" />
  <Log LogId="116" Status="ExecutePayouts SP triggered" LogTime="05-03-2016 18:30:43" />
  <Log LogId="117" Status="Failed" LogTime="05-03-2016 18:30:43" />
  <Log LogId="118" Status="ExecutePayouts SP triggered" LogTime="05-03-2016 19:00:43" />
  <Log LogId="119" Status="Failed" LogTime="05-03-2016 19:00:44" />
  <Log LogId="120" Status="ExecutePayouts SP triggered" LogTime="05-03-2016 19:30:44" />
  <Log LogId="121" Status="Failed" LogTime="05-03-2016 19:30:44" />
  <Log LogId="122" Status="ExecutePayouts SP triggered" LogTime="05-03-2016 20:00:44" />
  <Log LogId="123" Status="Failed" LogTime="05-03-2016 20:00:44" />
  <Log LogId="124" Status="ExecutePayouts SP triggered" LogTime="05-03-2016 20:30:44" />
  <Log LogId="125" Status="Failed" LogTime="05-03-2016 20:30:44" />
  <Log LogId="126" Status="ExecutePayouts SP triggered" LogTime="05-03-2016 21:00:44" />
  <Log LogId="127" Status="Failed" LogTime="05-03-2016 21:00:45" />
  <Log LogId="128" Status="ExecutePayouts SP triggered" LogTime="05-03-2016 21:30:45" />
  <Log LogId="129" Status="Failed" LogTime="05-03-2016 21:30:45" />
  <Log LogId="130" Status="ExecutePayouts SP triggered" LogTime="05-03-2016 22:00:45" />
  <Log LogId="131" Status="Failed" LogTime="05-03-2016 22:00:45" />
  <Log LogId="132" Status="ExecutePayouts SP triggered" LogTime="05-03-2016 22:30:46" />
  <Log LogId="133" Status="Failed" LogTime="05-03-2016 22:30:46" />
  <Log LogId="134" Status="ExecutePayouts SP triggered" LogTime="05-03-2016 23:00:46" />
  <Log LogId="135" Status="Failed" LogTime="05-03-2016 23:00:46" />
  <Log LogId="136" Status="ExecutePayouts SP triggered" LogTime="05-03-2016 23:30:46" />
  <Log LogId="137" Status="Failed" LogTime="05-03-2016 23:30:48" />
  <Log LogId="138" Status="ExecutePayouts SP triggered" LogTime="06-03-2016 00:00:48" />
  <Log LogId="139" Status="NO PAYOUT DONE" LogTime="06-03-2016 00:00:48" />
  <Log LogId="140" Status="ExecutePayouts SP triggered" LogTime="06-03-2016 00:30:48" />
  <Log LogId="141" Status="NO PAYOUT DONE" LogTime="06-03-2016 00:30:48" />
  <Log LogId="142" Status="ExecutePayouts SP triggered" LogTime="06-03-2016 01:00:48" />
  <Log LogId="143" Status="NO PAYOUT DONE" LogTime="06-03-2016 01:00:49" />
  <Log LogId="144" Status="ExecutePayouts SP triggered" LogTime="06-03-2016 01:30:49" />
  <Log LogId="145" Status="NO PAYOUT DONE" LogTime="06-03-2016 01:30:49" />
  <Log LogId="146" Status="ExecutePayouts SP triggered" LogTime="06-03-2016 02:00:49" />
  <Log LogId="147" Status="NO PAYOUT DONE" LogTime="06-03-2016 02:00:49" />
  <Log LogId="148" Status="ExecutePayouts SP triggered" LogTime="06-03-2016 02:30:49" />
  <Log LogId="149" Status="NO PAYOUT DONE" LogTime="06-03-2016 02:30:50" />
  <Log LogId="150" Status="ExecutePayouts SP triggered" LogTime="06-03-2016 03:00:50" />
  <Log LogId="151" Status="NO PAYOUT DONE" LogTime="06-03-2016 03:00:50" />
  <Log LogId="152" Status="ExecutePayouts SP triggered" LogTime="06-03-2016 03:30:50" />
  <Log LogId="153" Status="NO PAYOUT DONE" LogTime="06-03-2016 03:30:50" />
  <Log LogId="154" Status="ExecutePayouts SP triggered" LogTime="06-03-2016 04:00:50" />
  <Log LogId="155" Status="NO PAYOUT DONE" LogTime="06-03-2016 04:00:50" />
  <Log LogId="156" Status="ExecutePayouts SP triggered" LogTime="06-03-2016 04:30:50" />
  <Log LogId="157" Status="NO PAYOUT DONE" LogTime="06-03-2016 04:30:51" />
  <Log LogId="158" Status="ExecutePayouts SP triggered" LogTime="06-03-2016 05:00:51" />
  <Log LogId="159" Status="NO PAYOUT DONE" LogTime="06-03-2016 05:00:51" />
  <Log LogId="160" Status="ExecutePayouts SP triggered" LogTime="06-03-2016 05:30:51" />
  <Log LogId="161" Status="NO PAYOUT DONE" LogTime="06-03-2016 05:30:52" />
  <Log LogId="162" Status="ExecutePayouts SP triggered" LogTime="06-03-2016 06:00:52" />
  <Log LogId="163" Status="NO PAYOUT DONE" LogTime="06-03-2016 06:00:52" />
  <Log LogId="164" Status="ExecutePayouts SP triggered" LogTime="06-03-2016 06:30:52" />
  <Log LogId="165" Status="NO PAYOUT DONE" LogTime="06-03-2016 06:30:53" />
  <Log LogId="166" Status="ExecutePayouts SP triggered" LogTime="06-03-2016 07:00:53" />
  <Log LogId="167" Status="NO PAYOUT DONE" LogTime="06-03-2016 07:00:53" />
  <Log LogId="168" Status="ExecutePayouts SP triggered" LogTime="06-03-2016 07:30:53" />
  <Log LogId="169" Status="NO PAYOUT DONE" LogTime="06-03-2016 07:30:54" />
  <Log LogId="170" Status="ExecutePayouts SP triggered" LogTime="06-03-2016 08:00:54" />
  <Log LogId="171" Status="NO PAYOUT DONE" LogTime="06-03-2016 08:00:54" />
  <Log LogId="172" Status="ExecutePayouts SP triggered" LogTime="06-03-2016 08:30:54" />
  <Log LogId="173" Status="NO PAYOUT DONE" LogTime="06-03-2016 08:30:55" />
  <Log LogId="174" Status="ExecutePayouts SP triggered" LogTime="06-03-2016 09:00:55" />
  <Log LogId="175" Status="NO PAYOUT DONE" LogTime="06-03-2016 09:00:55" />
  <Log LogId="176" Status="ExecutePayouts SP triggered" LogTime="06-03-2016 09:30:55" />
  <Log LogId="177" Status="NO PAYOUT DONE" LogTime="06-03-2016 09:30:55" />
  <Log LogId="178" Status="ExecutePayouts SP triggered" LogTime="06-03-2016 10:00:55" />
  <Log LogId="179" Status="NO PAYOUT DONE" LogTime="06-03-2016 10:00:55" />
  <Log LogId="180" Status="ExecutePayouts SP triggered" LogTime="06-03-2016 10:30:56" />
  <Log LogId="181" Status="NO PAYOUT DONE" LogTime="06-03-2016 10:30:56" />
  <Log LogId="182" Status="ExecutePayouts SP triggered" LogTime="06-03-2016 11:00:56" />
  <Log LogId="183" Status="NO PAYOUT DONE" LogTime="06-03-2016 11:00:56" />
  <Log LogId="184" Status="ExecutePayouts SP triggered" LogTime="06-03-2016 11:30:56" />
  <Log LogId="185" Status="NO PAYOUT DONE" LogTime="06-03-2016 11:30:56" />
  <Log LogId="186" Status="ExecutePayouts SP triggered" LogTime="06-03-2016 12:00:56" />
  <Log LogId="187" Status="NO PAYOUT DONE" LogTime="06-03-2016 12:00:57" />
  <Log LogId="188" Status="ExecutePayouts SP triggered" LogTime="06-03-2016 12:30:57" />
  <Log LogId="189" Status="NO PAYOUT DONE" LogTime="06-03-2016 12:30:57" />
  <Log LogId="190" Status="ExecutePayouts SP triggered" LogTime="06-03-2016 13:00:57" />
  <Log LogId="191" Status="NO PAYOUT DONE" LogTime="06-03-2016 13:00:57" />
  <Log LogId="192" Status="ExecutePayouts SP triggered" LogTime="06-03-2016 13:30:57" />
  <Log LogId="193" Status="NO PAYOUT DONE" LogTime="06-03-2016 13:30:57" />
  <Log LogId="194" Status="ExecutePayouts SP triggered" LogTime="06-03-2016 14:00:58" />
  <Log LogId="195" Status="NO PAYOUT DONE" LogTime="06-03-2016 14:00:58" />
  <Log LogId="196" Status="ExecutePayouts SP triggered" LogTime="06-03-2016 14:30:58" />
  <Log LogId="197" Status="NO PAYOUT DONE" LogTime="06-03-2016 14:30:58" />
  <Log LogId="198" Status="ExecutePayouts SP triggered" LogTime="06-03-2016 15:00:58" />
  <Log LogId="199" Status="NO PAYOUT DONE" LogTime="06-03-2016 15:00:58" />
  <Log LogId="200" Status="ExecutePayouts SP triggered" LogTime="06-03-2016 15:30:58" />
  <Log LogId="201" Status="NO PAYOUT DONE" LogTime="06-03-2016 15:30:59" />
  <Log LogId="202" Status="ExecutePayouts SP triggered" LogTime="06-03-2016 16:00:59" />
  <Log LogId="203" Status="NO PAYOUT DONE" LogTime="06-03-2016 16:00:59" />
  <Log LogId="204" Status="ExecutePayouts SP triggered" LogTime="06-03-2016 16:30:59" />
  <Log LogId="205" Status="NO PAYOUT DONE" LogTime="06-03-2016 16:30:59" />
  <Log LogId="206" Status="ExecutePayouts SP triggered" LogTime="06-03-2016 17:00:59" />
  <Log LogId="207" Status="NO PAYOUT DONE" LogTime="06-03-2016 17:00:59" />
  <Log LogId="208" Status="ExecutePayouts SP triggered" LogTime="06-03-2016 17:30:59" />
  <Log LogId="209" Status="NO PAYOUT DONE" LogTime="06-03-2016 17:31:00" />
  <Log LogId="210" Status="ExecutePayouts SP triggered" LogTime="06-03-2016 18:01:00" />
  <Log LogId="211" Status="" LogTime="06-03-2016 18:01:00" />
  <Log LogId="212" Status="ExecutePayouts SP triggered" LogTime="06-03-2016 18:31:01" />
  <Log LogId="213" Status="Binary Success" LogTime="06-03-2016 18:31:01" />
  <Log LogId="214" Status="ExecutePayouts SP triggered" LogTime="06-03-2016 19:01:01" />
  <Log LogId="215" Status="" LogTime="06-03-2016 19:01:01" />
  <Log LogId="216" Status="ExecutePayouts SP triggered" LogTime="06-03-2016 19:31:01" />
  <Log LogId="217" Status="" LogTime="06-03-2016 19:31:02" />
  <Log LogId="218" Status="ExecutePayouts SP triggered" LogTime="06-03-2016 20:01:02" />
  <Log LogId="219" Status="" LogTime="06-03-2016 20:01:02" />
  <Log LogId="220" Status="ExecutePayouts SP triggered" LogTime="06-03-2016 20:31:02" />
  <Log LogId="221" Status="" LogTime="06-03-2016 20:31:02" />
  <Log LogId="222" Status="ExecutePayouts SP triggered" LogTime="06-03-2016 21:01:02" />
  <Log LogId="223" Status="" LogTime="06-03-2016 21:01:02" />
  <Log LogId="224" Status="ExecutePayouts SP triggered" LogTime="06-03-2016 21:31:02" />
  <Log LogId="225" Status="" LogTime="06-03-2016 21:31:03" />
  <Log LogId="226" Status="ExecutePayouts SP triggered" LogTime="06-03-2016 22:01:03" />
  <Log LogId="227" Status="" LogTime="06-03-2016 22:01:03" />
  <Log LogId="228" Status="ExecutePayouts SP triggered" LogTime="06-03-2016 22:31:03" />
  <Log LogId="229" Status="" LogTime="06-03-2016 22:31:03" />
  <Log LogId="230" Status="ExecutePayouts SP triggered" LogTime="06-03-2016 23:01:03" />
  <Log LogId="231" Status="" LogTime="06-03-2016 23:01:04" />
  <Log LogId="232" Status="ExecutePayouts SP triggered" LogTime="06-03-2016 23:31:04" />
  <Log LogId="233" Status="" LogTime="06-03-2016 23:31:04" />
  <Log LogId="234" Status="ExecutePayouts SP triggered" LogTime="07-03-2016 00:01:04" />
  <Log LogId="235" Status="Binary Success" LogTime="07-03-2016 00:01:04" />
  <Log LogId="236" Status="ExecutePayouts SP triggered" LogTime="07-03-2016 00:31:04" />
  <Log LogId="237" Status="" LogTime="07-03-2016 00:31:05" />
  <Log LogId="238" Status="ExecutePayouts SP triggered" LogTime="07-03-2016 01:01:05" />
  <Log LogId="239" Status="" LogTime="07-03-2016 01:01:05" />
  <Log LogId="240" Status="ExecutePayouts SP triggered" LogTime="07-03-2016 01:31:05" />
  <Log LogId="241" Status="" LogTime="07-03-2016 01:31:06" />
  <Log LogId="242" Status="ExecutePayouts SP triggered" LogTime="07-03-2016 02:01:06" />
  <Log LogId="243" Status="" LogTime="07-03-2016 02:01:06" />
  <Log LogId="244" Status="ExecutePayouts SP triggered" LogTime="07-03-2016 02:31:06" />
  <Log LogId="245" Status="" LogTime="07-03-2016 02:31:06" />
  <Log LogId="246" Status="ExecutePayouts SP triggered" LogTime="07-03-2016 03:01:06" />
  <Log LogId="247" Status="" LogTime="07-03-2016 03:01:06" />
  <Log LogId="248" Status="ExecutePayouts SP triggered" LogTime="07-03-2016 03:31:07" />
  <Log LogId="249" Status="" LogTime="07-03-2016 03:31:07" />
  <Log LogId="250" Status="ExecutePayouts SP triggered" LogTime="07-03-2016 04:01:07" />
  <Log LogId="251" Status="" LogTime="07-03-2016 04:01:07" />
  <Log LogId="252" Status="ExecutePayouts SP triggered" LogTime="07-03-2016 04:31:07" />
  <Log LogId="253" Status="" LogTime="07-03-2016 04:31:07" />
  <Log LogId="254" Status="ExecutePayouts SP triggered" LogTime="07-03-2016 05:01:07" />
  <Log LogId="255" Status="" LogTime="07-03-2016 05:01:08" />
  <Log LogId="256" Status="ExecutePayouts SP triggered" LogTime="07-03-2016 05:31:08" />
  <Log LogId="257" Status="" LogTime="07-03-2016 05:31:09" />
  <Log LogId="258" Status="ExecutePayouts SP triggered" LogTime="07-03-2016 06:01:09" />
  <Log LogId="259" Status="" LogTime="07-03-2016 06:01:09" />
  <Log LogId="260" Status="ExecutePayouts SP triggered" LogTime="07-03-2016 06:31:09" />
  <Log LogId="261" Status="" LogTime="07-03-2016 06:31:10" />
  <Log LogId="262" Status="ExecutePayouts SP triggered" LogTime="09-03-2016 21:51:17" />
  <Log LogId="263" Status="" LogTime="09-03-2016 21:51:20" />
  <Log LogId="264" Status="ExecutePayouts SP triggered" LogTime="09-03-2016 22:06:08" />
  <Log LogId="265" Status="" LogTime="09-03-2016 22:06:10" />
  <Log LogId="266" Status="ExecutePayouts SP triggered" LogTime="09-03-2016 22:06:24" />
  <Log LogId="267" Status="" LogTime="09-03-2016 22:06:24" />
  <Log LogId="268" Status="ExecutePayouts SP triggered" LogTime="09-03-2016 22:07:33" />
  <Log LogId="269" Status="" LogTime="09-03-2016 22:07:34" />
  <Log LogId="270" Status="ExecutePayouts SP triggered" LogTime="09-03-2016 22:09:01" />
  <Log LogId="271" Status="" LogTime="09-03-2016 22:09:01" />
  <Log LogId="272" Status="ExecutePayouts SP triggered" LogTime="09-03-2016 22:09:44" />
  <Log LogId="273" Status="" LogTime="09-03-2016 22:09:46" />
  <Log LogId="274" Status="ExecutePayouts SP triggered" LogTime="09-03-2016 22:09:57" />
  <Log LogId="275" Status="" LogTime="09-03-2016 22:09:59" />
  <Log LogId="276" Status="ExecutePayouts SP triggered" LogTime="09-03-2016 22:14:01" />
  <Log LogId="277" Status="" LogTime="09-03-2016 22:14:05" />
  <Log LogId="278" Status="ExecutePayouts SP triggered" LogTime="09-03-2016 22:16:24" />
  <Log LogId="279" Status="" LogTime="09-03-2016 22:16:25" />
  <Log LogId="280" Status="ExecutePayouts SP triggered" LogTime="10-03-2016 08:00:55" />
  <Log LogId="281" Status="Binary Success" LogTime="10-03-2016 08:00:56" />
  <Log LogId="282" Status="ExecutePayouts SP triggered" LogTime="10-03-2016 08:30:56" />
  <Log LogId="283" Status="" LogTime="10-03-2016 08:30:57" />
  <Log LogId="284" Status="ExecutePayouts SP triggered" LogTime="10-03-2016 09:00:57" />
  <Log LogId="285" Status="" LogTime="10-03-2016 09:00:57" />
  <Log LogId="286" Status="ExecutePayouts SP triggered" LogTime="10-03-2016 09:30:57" />
  <Log LogId="287" Status="" LogTime="10-03-2016 09:30:57" />
  <Log LogId="288" Status="ExecutePayouts SP triggered" LogTime="10-03-2016 10:00:57" />
  <Log LogId="289" Status="" LogTime="10-03-2016 10:00:58" />
  <Log LogId="290" Status="ExecutePayouts SP triggered" LogTime="10-03-2016 10:30:58" />
  <Log LogId="291" Status="" LogTime="10-03-2016 10:30:58" />
  <Log LogId="292" Status="ExecutePayouts SP triggered" LogTime="10-03-2016 11:00:58" />
  <Log LogId="293" Status="" LogTime="10-03-2016 11:00:59" />
  <Log LogId="294" Status="ExecutePayouts SP triggered" LogTime="10-03-2016 11:30:59" />
  <Log LogId="295" Status="" LogTime="10-03-2016 11:30:59" />
  <Log LogId="296" Status="ExecutePayouts SP triggered" LogTime="10-03-2016 12:00:59" />
  <Log LogId="297" Status="" LogTime="10-03-2016 12:01:00" />
  <Log LogId="298" Status="ExecutePayouts SP triggered" LogTime="10-03-2016 12:31:00" />
  <Log LogId="299" Status="" LogTime="10-03-2016 12:31:01" />
  <Log LogId="300" Status="ExecutePayouts SP triggered" LogTime="10-03-2016 13:01:01" />
  <Log LogId="301" Status="" LogTime="10-03-2016 13:01:05" />
  <Log LogId="302" Status="ExecutePayouts SP triggered" LogTime="10-03-2016 13:31:05" />
  <Log LogId="303" Status="ExecutePayouts SP triggered" LogTime="10-03-2016 14:01:22" />
  <Log LogId="304" Status="" LogTime="10-03-2016 14:01:23" />
  <Log LogId="305" Status="ExecutePayouts SP triggered" LogTime="10-03-2016 14:31:23" />
  <Log LogId="306" Status="" LogTime="10-03-2016 14:31:23" />
  <Log LogId="307" Status="ExecutePayouts SP triggered" LogTime="10-03-2016 15:01:24" />
  <Log LogId="308" Status="" LogTime="10-03-2016 15:01:24" />
  <Log LogId="309" Status="ExecutePayouts SP triggered" LogTime="10-03-2016 15:31:24" />
  <Log LogId="310" Status="" LogTime="10-03-2016 15:31:25" />
  <Log LogId="311" Status="ExecutePayouts SP triggered" LogTime="10-03-2016 16:01:25" />
  <Log LogId="312" Status="" LogTime="10-03-2016 16:01:25" />
  <Log LogId="313" Status="ExecutePayouts SP triggered" LogTime="10-03-2016 16:31:25" />
  <Log LogId="314" Status="" LogTime="10-03-2016 16:31:26" />
  <Log LogId="315" Status="ExecutePayouts SP triggered" LogTime="10-03-2016 17:01:26" />
  <Log LogId="316" Status="" LogTime="10-03-2016 17:01:28" />
  <Log LogId="317" Status="ExecutePayouts SP triggered" LogTime="10-03-2016 17:31:29" />
  <Log LogId="318" Status="" LogTime="10-03-2016 17:31:30" />
  <Log LogId="319" Status="ExecutePayouts SP triggered" LogTime="10-03-2016 18:01:30" />
  <Log LogId="320" Status="" LogTime="10-03-2016 18:01:31" />
  <Log LogId="321" Status="ExecutePayouts SP triggered" LogTime="10-03-2016 18:31:31" />
  <Log LogId="322" Status="" LogTime="10-03-2016 18:31:33" />
  <Log LogId="323" Status="ExecutePayouts SP triggered" LogTime="10-03-2016 19:01:34" />
  <Log LogId="324" Status="" LogTime="10-03-2016 19:01:37" />
  <Log LogId="325" Status="ExecutePayouts SP triggered" LogTime="10-03-2016 19:31:37" />
  <Log LogId="326" Status="" LogTime="10-03-2016 19:31:37" />
  <Log LogId="327" Status="ExecutePayouts SP triggered" LogTime="10-03-2016 20:01:38" />
  <Log LogId="328" Status="" LogTime="10-03-2016 20:01:39" />
  <Log LogId="329" Status="ExecutePayouts SP triggered" LogTime="10-03-2016 20:31:39" />
  <Log LogId="330" Status="" LogTime="10-03-2016 20:31:40" />
  <Log LogId="331" Status="ExecutePayouts SP triggered" LogTime="10-03-2016 21:01:40" />
  <Log LogId="332" Status="" LogTime="10-03-2016 21:01:41" />
  <Log LogId="333" Status="ExecutePayouts SP triggered" LogTime="10-03-2016 21:31:41" />
  <Log LogId="334" Status="" LogTime="10-03-2016 21:31:41" />
  <Log LogId="335" Status="ExecutePayouts SP triggered" LogTime="10-03-2016 22:01:41" />
  <Log LogId="336" Status="" LogTime="10-03-2016 22:01:41" />
  <Log LogId="337" Status="ExecutePayouts SP triggered" LogTime="10-03-2016 22:31:41" />
  <Log LogId="338" Status="" LogTime="10-03-2016 22:31:42" />
  <Log LogId="339" Status="ExecutePayouts SP triggered" LogTime="10-03-2016 23:01:42" />
  <Log LogId="340" Status="" LogTime="10-03-2016 23:01:42" />
  <Log LogId="341" Status="ExecutePayouts SP triggered" LogTime="10-03-2016 23:31:42" />
  <Log LogId="342" Status="" LogTime="10-03-2016 23:31:44" />
  <Log LogId="343" Status="ExecutePayouts SP triggered" LogTime="11-03-2016 00:01:44" />
  <Log LogId="344" Status="Binary Success" LogTime="11-03-2016 00:01:50" />
  <Log LogId="345" Status="ExecutePayouts SP triggered" LogTime="11-03-2016 00:31:50" />
  <Log LogId="346" Status="" LogTime="11-03-2016 00:31:52" />
  <Log LogId="347" Status="ExecutePayouts SP triggered" LogTime="11-03-2016 01:01:52" />
  <Log LogId="348" Status="" LogTime="11-03-2016 01:01:53" />
  <Log LogId="349" Status="ExecutePayouts SP triggered" LogTime="11-03-2016 01:31:53" />
  <Log LogId="350" Status="" LogTime="11-03-2016 01:31:54" />
  <Log LogId="351" Status="ExecutePayouts SP triggered" LogTime="11-03-2016 02:01:54" />
  <Log LogId="352" Status="" LogTime="11-03-2016 02:01:54" />
  <Log LogId="353" Status="ExecutePayouts SP triggered" LogTime="11-03-2016 02:31:54" />
  <Log LogId="354" Status="" LogTime="11-03-2016 02:31:55" />
  <Log LogId="355" Status="ExecutePayouts SP triggered" LogTime="11-03-2016 09:59:50" />
  <Log LogId="356" Status="ExecutePayouts SP triggered" LogTime="11-03-2016 10:05:28" />
  <Log LogId="357" Status="" LogTime="11-03-2016 10:05:31" />
  <Log LogId="358" Status="ExecutePayouts SP triggered" LogTime="11-03-2016 19:36:44" />
  <Log LogId="359" Status="" LogTime="11-03-2016 19:36:46" />
  <Log LogId="360" Status="ExecutePayouts SP triggered" LogTime="11-03-2016 19:54:37" />
  <Log LogId="361" Status="" LogTime="11-03-2016 19:54:41" />
  <Log LogId="362" Status="ExecutePayouts SP triggered" LogTime="11-03-2016 20:00:59" />
  <Log LogId="363" Status="" LogTime="11-03-2016 20:01:02" />
  <Log LogId="364" Status="ExecutePayouts SP triggered" LogTime="11-03-2016 20:09:07" />
  <Log LogId="365" Status="" LogTime="11-03-2016 20:09:08" />
  <Log LogId="366" Status="ExecutePayouts SP triggered" LogTime="11-03-2016 20:21:39" />
  <Log LogId="367" Status="" LogTime="11-03-2016 20:21:41" />
  <Log LogId="368" Status="ExecutePayouts SP triggered" LogTime="11-03-2016 20:56:55" />
  <Log LogId="369" Status="" LogTime="11-03-2016 20:56:55" />
  <Log LogId="370" Status="ExecutePayouts SP triggered" LogTime="11-03-2016 21:15:43" />
  <Log LogId="371" Status="" LogTime="11-03-2016 21:15:44" />
  <Log LogId="372" Status="ExecutePayouts SP triggered" LogTime="11-03-2016 21:30:56" />
  <Log LogId="373" Status="" LogTime="11-03-2016 21:30:57" />
  <Log LogId="374" Status="ExecutePayouts SP triggered" LogTime="11-03-2016 21:35:40" />
  <Log LogId="375" Status="" LogTime="11-03-2016 21:35:41" />
  <Log LogId="376" Status="ExecutePayouts SP triggered" LogTime="11-03-2016 21:51:55" />
  <Log LogId="377" Status="" LogTime="11-03-2016 21:51:55" />
  <Log LogId="378" Status="ExecutePayouts SP triggered" LogTime="11-03-2016 21:59:23" />
  <Log LogId="379" Status="" LogTime="11-03-2016 21:59:24" />
  <Log LogId="380" Status="ExecutePayouts SP triggered" LogTime="11-03-2016 21:59:56" />
  <Log LogId="381" Status="" LogTime="11-03-2016 21:59:57" />
  <Log LogId="382" Status="ExecutePayouts SP triggered" LogTime="11-03-2016 22:04:11" />
  <Log LogId="383" Status="" LogTime="11-03-2016 22:04:12" />
  <Log LogId="384" Status="ExecutePayouts SP triggered" LogTime="11-03-2016 22:04:24" />
  <Log LogId="385" Status="" LogTime="11-03-2016 22:04:25" />
  <Log LogId="386" Status="ExecutePayouts SP triggered" LogTime="11-03-2016 22:24:50" />
  <Log LogId="387" Status="" LogTime="11-03-2016 22:24:51" />
  <Log LogId="388" Status="ExecutePayouts SP triggered" LogTime="11-03-2016 22:38:56" />
  <Log LogId="389" Status="" LogTime="11-03-2016 22:38:56" />
  <Log LogId="390" Status="ExecutePayouts SP triggered" LogTime="11-03-2016 22:55:41" />
  <Log LogId="391" Status="" LogTime="11-03-2016 22:55:41" />
  <Log LogId="392" Status="ExecutePayouts SP triggered" LogTime="11-03-2016 23:10:07" />
  <Log LogId="393" Status="" LogTime="11-03-2016 23:10:09" />
  <Log LogId="394" Status="ExecutePayouts SP triggered" LogTime="11-03-2016 23:15:09" />
  <Log LogId="395" Status="" LogTime="11-03-2016 23:15:12" />
  <Log LogId="396" Status="ExecutePayouts SP triggered" LogTime="11-03-2016 23:20:26" />
  <Log LogId="397" Status="" LogTime="11-03-2016 23:20:27" />
  <Log LogId="398" Status="ExecutePayouts SP triggered" LogTime="11-03-2016 23:50:27" />
  <Log LogId="399" Status="" LogTime="11-03-2016 23:50:27" />
  <Log LogId="400" Status="ExecutePayouts SP triggered" LogTime="12-03-2016 00:04:42" />
  <Log LogId="401" Status="" LogTime="12-03-2016 00:04:43" />
  <Log LogId="402" Status="ExecutePayouts SP triggered" LogTime="12-03-2016 00:34:43" />
  <Log LogId="403" Status="" LogTime="12-03-2016 00:34:44" />
  <Log LogId="404" Status="ExecutePayouts SP triggered" LogTime="12-03-2016 01:04:44" />
  <Log LogId="405" Status="" LogTime="12-03-2016 01:04:44" />
  <Log LogId="406" Status="ExecutePayouts SP triggered" LogTime="12-03-2016 01:34:44" />
  <Log LogId="407" Status="" LogTime="12-03-2016 01:34:44" />
  <Log LogId="408" Status="ExecutePayouts SP triggered" LogTime="12-03-2016 02:04:44" />
  <Log LogId="409" Status="" LogTime="12-03-2016 02:04:45" />
  <Log LogId="410" Status="ExecutePayouts SP triggered" LogTime="12-03-2016 02:34:45" />
  <Log LogId="411" Status="" LogTime="12-03-2016 02:34:45" />
  <Log LogId="412" Status="ExecutePayouts SP triggered" LogTime="12-03-2016 03:04:45" />
  <Log LogId="413" Status="" LogTime="12-03-2016 03:04:45" />
  <Log LogId="414" Status="ExecutePayouts SP triggered" LogTime="12-03-2016 03:34:45" />
  <Log LogId="415" Status="" LogTime="12-03-2016 03:34:46" />
  <Log LogId="416" Status="ExecutePayouts SP triggered" LogTime="12-03-2016 04:04:46" />
  <Log LogId="417" Status="" LogTime="12-03-2016 04:04:46" />
  <Log LogId="418" Status="ExecutePayouts SP triggered" LogTime="12-03-2016 04:34:46" />
  <Log LogId="419" Status="" LogTime="12-03-2016 04:34:46" />
  <Log LogId="420" Status="ExecutePayouts SP triggered" LogTime="12-03-2016 05:04:46" />
  <Log LogId="421" Status="" LogTime="12-03-2016 05:04:47" />
  <Log LogId="422" Status="ExecutePayouts SP triggered" LogTime="12-03-2016 05:34:47" />
  <Log LogId="423" Status="" LogTime="12-03-2016 05:34:47" />
  <Log LogId="424" Status="ExecutePayouts SP triggered" LogTime="12-03-2016 06:04:47" />
  <Log LogId="425" Status="" LogTime="12-03-2016 06:04:47" />
  <Log LogId="426" Status="ExecutePayouts SP triggered" LogTime="12-03-2016 06:34:47" />
  <Log LogId="427" Status="" LogTime="12-03-2016 06:34:48" />
  <Log LogId="428" Status="ExecutePayouts SP triggered" LogTime="12-03-2016 07:04:48" />
  <Log LogId="429" Status="" LogTime="12-03-2016 07:04:48" />
  <Log LogId="430" Status="ExecutePayouts SP triggered" LogTime="12-03-2016 07:34:48" />
  <Log LogId="431" Status="" LogTime="12-03-2016 07:34:48" />
  <Log LogId="432" Status="ExecutePayouts SP triggered" LogTime="12-03-2016 08:04:48" />
  <Log LogId="433" Status="" LogTime="12-03-2016 08:04:49" />
  <Log LogId="434" Status="ExecutePayouts SP triggered" LogTime="12-03-2016 08:34:49" />
  <Log LogId="435" Status="" LogTime="12-03-2016 08:34:49" />
  <Log LogId="436" Status="ExecutePayouts SP triggered" LogTime="12-03-2016 09:04:49" />
  <Log LogId="437" Status="" LogTime="12-03-2016 09:04:50" />
  <Log LogId="438" Status="ExecutePayouts SP triggered" LogTime="12-03-2016 09:34:50" />
  <Log LogId="439" Status="" LogTime="12-03-2016 09:34:50" />
  <Log LogId="440" Status="ExecutePayouts SP triggered" LogTime="12-03-2016 10:04:50" />
  <Log LogId="441" Status="" LogTime="12-03-2016 10:04:50" />
  <Log LogId="442" Status="ExecutePayouts SP triggered" LogTime="12-03-2016 10:34:51" />
  <Log LogId="443" Status="" LogTime="12-03-2016 10:34:51" />
  <Log LogId="444" Status="ExecutePayouts SP triggered" LogTime="12-03-2016 11:04:51" />
  <Log LogId="445" Status="" LogTime="12-03-2016 11:04:51" />
  <Log LogId="446" Status="ExecutePayouts SP triggered" LogTime="12-03-2016 11:34:51" />
  <Log LogId="447" Status="" LogTime="12-03-2016 11:34:52" />
  <Log LogId="448" Status="ExecutePayouts SP triggered" LogTime="12-03-2016 12:04:52" />
  <Log LogId="449" Status="" LogTime="12-03-2016 12:04:52" />
  <Log LogId="450" Status="ExecutePayouts SP triggered" LogTime="12-03-2016 12:34:52" />
  <Log LogId="451" Status="" LogTime="12-03-2016 12:34:53" />
  <Log LogId="452" Status="ExecutePayouts SP triggered" LogTime="12-03-2016 13:04:53" />
  <Log LogId="453" Status="" LogTime="12-03-2016 13:04:53" />
  <Log LogId="454" Status="ExecutePayouts SP triggered" LogTime="12-03-2016 13:34:53" />
  <Log LogId="455" Status="" LogTime="12-03-2016 13:34:54" />
  <Log LogId="456" Status="ExecutePayouts SP triggered" LogTime="12-03-2016 14:04:54" />
  <Log LogId="457" Status="" LogTime="12-03-2016 14:04:55" />
  <Log LogId="458" Status="ExecutePayouts SP triggered" LogTime="12-03-2016 14:34:55" />
  <Log LogId="459" Status="" LogTime="12-03-2016 14:34:55" />
  <Log LogId="460" Status="ExecutePayouts SP triggered" LogTime="12-03-2016 15:04:55" />
  <Log LogId="461" Status="" LogTime="12-03-2016 15:04:56" />
  <Log LogId="462" Status="ExecutePayouts SP triggered" LogTime="12-03-2016 15:12:07" />
  <Log LogId="463" Status="" LogTime="12-03-2016 15:12:07" />
  <Log LogId="464" Status="ExecutePayouts SP triggered" LogTime="12-03-2016 15:42:07" />
  <Log LogId="465" Status="" LogTime="12-03-2016 15:42:08" />
  <Log LogId="466" Status="ExecutePayouts SP triggered" LogTime="12-03-2016 16:12:08" />
  <Log LogId="467" Status="" LogTime="12-03-2016 16:12:09" />
  <Log LogId="468" Status="ExecutePayouts SP triggered" LogTime="12-03-2016 16:42:09" />
  <Log LogId="469" Status="" LogTime="12-03-2016 16:42:10" />
  <Log LogId="470" Status="ExecutePayouts SP triggered" LogTime="12-03-2016 17:12:10" />
  <Log LogId="471" Status="" LogTime="12-03-2016 17:12:10" />
  <Log LogId="472" Status="ExecutePayouts SP triggered" LogTime="12-03-2016 17:42:10" />
  <Log LogId="473" Status="" LogTime="12-03-2016 17:42:12" />
  <Log LogId="474" Status="ExecutePayouts SP triggered" LogTime="12-03-2016 18:12:12" />
  <Log LogId="475" Status="" LogTime="12-03-2016 18:12:13" />
  <Log LogId="476" Status="ExecutePayouts SP triggered" LogTime="12-03-2016 18:42:13" />
  <Log LogId="477" Status="" LogTime="12-03-2016 18:42:13" />
  <Log LogId="478" Status="ExecutePayouts SP triggered" LogTime="12-03-2016 19:12:14" />
  <Log LogId="479" Status="" LogTime="12-03-2016 19:12:14" />
  <Log LogId="480" Status="ExecutePayouts SP triggered" LogTime="12-03-2016 19:42:15" />
  <Log LogId="481" Status="" LogTime="12-03-2016 19:42:16" />
  <Log LogId="482" Status="ExecutePayouts SP triggered" LogTime="12-03-2016 20:12:16" />
  <Log LogId="483" Status="" LogTime="12-03-2016 20:12:17" />
  <Log LogId="484" Status="ExecutePayouts SP triggered" LogTime="12-03-2016 20:42:17" />
  <Log LogId="485" Status="" LogTime="12-03-2016 20:42:17" />
  <Log LogId="486" Status="ExecutePayouts SP triggered" LogTime="12-03-2016 21:12:17" />
  <Log LogId="487" Status="" LogTime="12-03-2016 21:12:18" />
  <Log LogId="488" Status="ExecutePayouts SP triggered" LogTime="12-03-2016 21:42:19" />
  <Log LogId="489" Status="" LogTime="12-03-2016 21:42:19" />
  <Log LogId="490" Status="ExecutePayouts SP triggered" LogTime="12-03-2016 22:12:19" />
  <Log LogId="491" Status="" LogTime="12-03-2016 22:12:19" />
  <Log LogId="492" Status="ExecutePayouts SP triggered" LogTime="12-03-2016 22:42:19" />
  <Log LogId="493" Status="" LogTime="12-03-2016 22:42:20" />
  <Log LogId="494" Status="ExecutePayouts SP triggered" LogTime="12-03-2016 23:12:20" />
  <Log LogId="495" Status="" LogTime="12-03-2016 23:12:20" />
  <Log LogId="496" Status="ExecutePayouts SP triggered" LogTime="12-03-2016 23:42:20" />
  <Log LogId="497" Status="" LogTime="12-03-2016 23:42:21" />
  <Log LogId="498" Status="ExecutePayouts SP triggered" LogTime="13-03-2016 00:12:21" />
  <Log LogId="499" Status="" LogTime="13-03-2016 00:12:21" />
  <Log LogId="500" Status="ExecutePayouts SP triggered" LogTime="13-03-2016 00:42:22" />
  <Log LogId="501" Status="" LogTime="13-03-2016 00:42:22" />
  <Log LogId="502" Status="ExecutePayouts SP triggered" LogTime="13-03-2016 01:12:22" />
  <Log LogId="503" Status="" LogTime="13-03-2016 01:12:23" />
  <Log LogId="504" Status="ExecutePayouts SP triggered" LogTime="13-03-2016 01:42:23" />
  <Log LogId="505" Status="" LogTime="13-03-2016 01:42:23" />
  <Log LogId="506" Status="ExecutePayouts SP triggered" LogTime="13-03-2016 02:12:24" />
  <Log LogId="507" Status="" LogTime="13-03-2016 02:12:24" />
  <Log LogId="508" Status="ExecutePayouts SP triggered" LogTime="13-03-2016 02:42:25" />
  <Log LogId="509" Status="" LogTime="13-03-2016 02:42:25" />
  <Log LogId="510" Status="ExecutePayouts SP triggered" LogTime="13-03-2016 03:12:25" />
  <Log LogId="511" Status="" LogTime="13-03-2016 03:12:25" />
  <Log LogId="512" Status="ExecutePayouts SP triggered" LogTime="13-03-2016 03:42:26" />
  <Log LogId="513" Status="" LogTime="13-03-2016 03:42:26" />
  <Log LogId="514" Status="ExecutePayouts SP triggered" LogTime="13-03-2016 04:12:26" />
  <Log LogId="515" Status="" LogTime="13-03-2016 04:12:26" />
  <Log LogId="516" Status="ExecutePayouts SP triggered" LogTime="13-03-2016 04:42:26" />
  <Log LogId="517" Status="" LogTime="13-03-2016 04:42:27" />
  <Log LogId="518" Status="ExecutePayouts SP triggered" LogTime="13-03-2016 05:12:27" />
  <Log LogId="519" Status="" LogTime="13-03-2016 05:12:27" />
  <Log LogId="520" Status="ExecutePayouts SP triggered" LogTime="13-03-2016 05:42:27" />
  <Log LogId="521" Status="" LogTime="13-03-2016 05:42:27" />
  <Log LogId="522" Status="ExecutePayouts SP triggered" LogTime="13-03-2016 06:12:27" />
  <Log LogId="523" Status="" LogTime="13-03-2016 06:12:28" />
  <Log LogId="524" Status="ExecutePayouts SP triggered" LogTime="13-03-2016 06:42:28" />
  <Log LogId="525" Status="" LogTime="13-03-2016 06:42:28" />
  <Log LogId="526" Status="ExecutePayouts SP triggered" LogTime="13-03-2016 07:12:28" />
  <Log LogId="527" Status="" LogTime="13-03-2016 07:12:28" />
  <Log LogId="528" Status="ExecutePayouts SP triggered" LogTime="13-03-2016 07:42:28" />
  <Log LogId="529" Status="" LogTime="13-03-2016 07:42:29" />
  <Log LogId="530" Status="ExecutePayouts SP triggered" LogTime="13-03-2016 08:12:29" />
  <Log LogId="531" Status="" LogTime="13-03-2016 08:12:29" />
  <Log LogId="532" Status="ExecutePayouts SP triggered" LogTime="13-03-2016 08:42:29" />
  <Log LogId="533" Status="Failed" LogTime="13-03-2016 08:42:30" />
  <Log LogId="534" Status="ExecutePayouts SP triggered" LogTime="13-03-2016 09:12:30" />
  <Log LogId="535" Status="" LogTime="13-03-2016 09:12:31" />
  <Log LogId="536" Status="ExecutePayouts SP triggered" LogTime="13-03-2016 09:42:31" />
  <Log LogId="537" Status="" LogTime="13-03-2016 09:42:31" />
  <Log LogId="538" Status="ExecutePayouts SP triggered" LogTime="13-03-2016 10:12:31" />
  <Log LogId="539" Status="" LogTime="13-03-2016 10:12:31" />
  <Log LogId="540" Status="ExecutePayouts SP triggered" LogTime="13-03-2016 10:42:31" />
  <Log LogId="541" Status="" LogTime="13-03-2016 10:42:32" />
  <Log LogId="542" Status="ExecutePayouts SP triggered" LogTime="13-03-2016 11:12:32" />
  <Log LogId="543" Status="" LogTime="13-03-2016 11:12:32" />
  <Log LogId="544" Status="ExecutePayouts SP triggered" LogTime="13-03-2016 11:42:32" />
  <Log LogId="545" Status="" LogTime="13-03-2016 11:42:32" />
  <Log LogId="546" Status="ExecutePayouts SP triggered" LogTime="13-03-2016 12:12:32" />
  <Log LogId="547" Status="" LogTime="13-03-2016 12:12:33" />
  <Log LogId="548" Status="ExecutePayouts SP triggered" LogTime="13-03-2016 12:42:33" />
  <Log LogId="549" Status="" LogTime="13-03-2016 12:42:33" />
  <Log LogId="550" Status="ExecutePayouts SP triggered" LogTime="13-03-2016 13:12:33" />
  <Log LogId="551" Status="" LogTime="13-03-2016 13:12:34" />
  <Log LogId="552" Status="ExecutePayouts SP triggered" LogTime="13-03-2016 13:42:34" />
  <Log LogId="553" Status="" LogTime="13-03-2016 13:42:34" />
  <Log LogId="554" Status="ExecutePayouts SP triggered" LogTime="13-03-2016 14:12:34" />
  <Log LogId="555" Status="" LogTime="13-03-2016 14:12:35" />
  <Log LogId="556" Status="ExecutePayouts SP triggered" LogTime="13-03-2016 14:42:35" />
  <Log LogId="557" Status="" LogTime="13-03-2016 14:42:35" />
  <Log LogId="558" Status="ExecutePayouts SP triggered" LogTime="13-03-2016 15:12:35" />
  <Log LogId="559" Status="" LogTime="13-03-2016 15:12:35" />
  <Log LogId="560" Status="ExecutePayouts SP triggered" LogTime="13-03-2016 15:42:35" />
  <Log LogId="561" Status="" LogTime="13-03-2016 15:42:36" />
  <Log LogId="562" Status="ExecutePayouts SP triggered" LogTime="13-03-2016 16:12:36" />
  <Log LogId="563" Status="" LogTime="13-03-2016 16:12:36" />
  <Log LogId="564" Status="ExecutePayouts SP triggered" LogTime="13-03-2016 16:42:36" />
  <Log LogId="565" Status="" LogTime="13-03-2016 16:42:36" />
  <Log LogId="566" Status="ExecutePayouts SP triggered" LogTime="13-03-2016 17:12:36" />
  <Log LogId="567" Status="" LogTime="13-03-2016 17:12:37" />
  <Log LogId="568" Status="ExecutePayouts SP triggered" LogTime="13-03-2016 17:42:37" />
  <Log LogId="569" Status="" LogTime="13-03-2016 17:42:37" />
  <Log LogId="570" Status="ExecutePayouts SP triggered" LogTime="13-03-2016 18:12:37" />
  <Log LogId="571" Status="" LogTime="13-03-2016 18:12:37" />
  <Log LogId="572" Status="ExecutePayouts SP triggered" LogTime="13-03-2016 18:42:37" />
  <Log LogId="573" Status="" LogTime="13-03-2016 18:42:38" />
  <Log LogId="574" Status="ExecutePayouts SP triggered" LogTime="13-03-2016 19:12:38" />
  <Log LogId="575" Status="" LogTime="13-03-2016 19:12:39" />
  <Log LogId="576" Status="ExecutePayouts SP triggered" LogTime="13-03-2016 19:42:39" />
  <Log LogId="577" Status="" LogTime="13-03-2016 19:42:39" />
  <Log LogId="578" Status="ExecutePayouts SP triggered" LogTime="13-03-2016 20:12:39" />
  <Log LogId="579" Status="" LogTime="13-03-2016 20:12:39" />
  <Log LogId="580" Status="ExecutePayouts SP triggered" LogTime="13-03-2016 20:42:39" />
  <Log LogId="581" Status="" LogTime="13-03-2016 20:42:40" />
  <Log LogId="582" Status="ExecutePayouts SP triggered" LogTime="13-03-2016 21:12:40" />
  <Log LogId="583" Status="" LogTime="13-03-2016 21:12:40" />
  <Log LogId="584" Status="ExecutePayouts SP triggered" LogTime="13-03-2016 21:42:40" />
  <Log LogId="585" Status="" LogTime="13-03-2016 21:42:40" />
  <Log LogId="586" Status="ExecutePayouts SP triggered" LogTime="13-03-2016 22:12:40" />
  <Log LogId="587" Status="" LogTime="13-03-2016 22:12:41" />
  <Log LogId="588" Status="ExecutePayouts SP triggered" LogTime="13-03-2016 22:42:41" />
  <Log LogId="589" Status="" LogTime="13-03-2016 22:42:41" />
  <Log LogId="590" Status="ExecutePayouts SP triggered" LogTime="13-03-2016 23:12:41" />
  <Log LogId="591" Status="" LogTime="13-03-2016 23:12:41" />
  <Log LogId="592" Status="ExecutePayouts SP triggered" LogTime="13-03-2016 23:42:41" />
  <Log LogId="593" Status="" LogTime="13-03-2016 23:42:42" />
  <Log LogId="594" Status="ExecutePayouts SP triggered" LogTime="14-03-2016 00:12:42" />
  <Log LogId="595" Status="" LogTime="14-03-2016 00:12:42" />
  <Log LogId="596" Status="ExecutePayouts SP triggered" LogTime="14-03-2016 00:42:42" />
  <Log LogId="597" Status="" LogTime="14-03-2016 00:42:42" />
  <Log LogId="598" Status="ExecutePayouts SP triggered" LogTime="14-03-2016 01:12:42" />
  <Log LogId="599" Status="" LogTime="14-03-2016 01:12:43" />
  <Log LogId="600" Status="ExecutePayouts SP triggered" LogTime="14-03-2016 01:42:43" />
  <Log LogId="601" Status="" LogTime="14-03-2016 01:42:43" />
  <Log LogId="602" Status="ExecutePayouts SP triggered" LogTime="14-03-2016 02:12:43" />
  <Log LogId="603" Status="" LogTime="14-03-2016 02:12:43" />
  <Log LogId="604" Status="ExecutePayouts SP triggered" LogTime="14-03-2016 02:42:43" />
  <Log LogId="605" Status="" LogTime="14-03-2016 02:42:44" />
  <Log LogId="606" Status="ExecutePayouts SP triggered" LogTime="14-03-2016 03:12:44" />
  <Log LogId="607" Status="" LogTime="14-03-2016 03:12:44" />
  <Log LogId="608" Status="ExecutePayouts SP triggered" LogTime="14-03-2016 03:42:44" />
  <Log LogId="609" Status="" LogTime="14-03-2016 03:42:44" />
  <Log LogId="610" Status="ExecutePayouts SP triggered" LogTime="14-03-2016 04:12:44" />
  <Log LogId="611" Status="" LogTime="14-03-2016 04:12:45" />
  <Log LogId="612" Status="ExecutePayouts SP triggered" LogTime="14-03-2016 04:42:45" />
  <Log LogId="613" Status="" LogTime="14-03-2016 04:42:45" />
  <Log LogId="614" Status="ExecutePayouts SP triggered" LogTime="14-03-2016 05:12:45" />
  <Log LogId="615" Status="" LogTime="14-03-2016 05:12:45" />
  <Log LogId="616" Status="ExecutePayouts SP triggered" LogTime="14-03-2016 05:42:45" />
  <Log LogId="617" Status="" LogTime="14-03-2016 05:42:45" />
  <Log LogId="618" Status="ExecutePayouts SP triggered" LogTime="14-03-2016 06:12:46" />
  <Log LogId="619" Status="" LogTime="14-03-2016 06:12:47" />
  <Log LogId="620" Status="ExecutePayouts SP triggered" LogTime="14-03-2016 06:42:47" />
  <Log LogId="621" Status="" LogTime="14-03-2016 06:42:47" />
  <Log LogId="622" Status="ExecutePayouts SP triggered" LogTime="14-03-2016 07:12:48" />
  <Log LogId="623" Status="" LogTime="14-03-2016 07:12:48" />
  <Log LogId="624" Status="ExecutePayouts SP triggered" LogTime="14-03-2016 07:42:48" />
  <Log LogId="625" Status="" LogTime="14-03-2016 07:42:49" />
  <Log LogId="626" Status="ExecutePayouts SP triggered" LogTime="14-03-2016 08:12:49" />
  <Log LogId="627" Status="" LogTime="14-03-2016 08:12:49" />
  <Log LogId="628" Status="ExecutePayouts SP triggered" LogTime="14-03-2016 08:42:50" />
  <Log LogId="629" Status="" LogTime="14-03-2016 08:42:50" />
  <Log LogId="630" Status="ExecutePayouts SP triggered" LogTime="14-03-2016 09:00:30" />
  <Log LogId="631" Status="" LogTime="14-03-2016 09:00:31" />
  <Log LogId="632" Status="ExecutePayouts SP triggered" LogTime="14-03-2016 09:30:31" />
  <Log LogId="633" Status="" LogTime="14-03-2016 09:30:32" />
  <Log LogId="634" Status="ExecutePayouts SP triggered" LogTime="14-03-2016 09:36:55" />
  <Log LogId="635" Status="" LogTime="14-03-2016 09:36:56" />
  <Log LogId="636" Status="ExecutePayouts SP triggered" LogTime="14-03-2016 09:38:08" />
  <Log LogId="637" Status="" LogTime="14-03-2016 09:38:10" />
  <Log LogId="638" Status="ExecutePayouts SP triggered" LogTime="14-03-2016 09:53:08" />
  <Log LogId="639" Status="" LogTime="14-03-2016 09:53:10" />
  <Log LogId="640" Status="ExecutePayouts SP triggered" LogTime="14-03-2016 09:58:36" />
  <Log LogId="641" Status="" LogTime="14-03-2016 09:58:37" />
  <Log LogId="642" Status="ExecutePayouts SP triggered" LogTime="14-03-2016 10:18:07" />
  <Log LogId="643" Status="" LogTime="14-03-2016 10:18:08" />
  <Log LogId="644" Status="ExecutePayouts SP triggered" LogTime="14-03-2016 10:18:37" />
  <Log LogId="645" Status="" LogTime="14-03-2016 10:18:37" />
  <Log LogId="646" Status="ExecutePayouts SP triggered" LogTime="14-03-2016 10:40:30" />
  <Log LogId="647" Status="" LogTime="14-03-2016 10:40:31" />
  <Log LogId="648" Status="ExecutePayouts SP triggered" LogTime="14-03-2016 10:50:39" />
  <Log LogId="649" Status="" LogTime="14-03-2016 10:50:40" />
  <Log LogId="650" Status="ExecutePayouts SP triggered" LogTime="14-03-2016 10:57:35" />
  <Log LogId="651" Status="" LogTime="14-03-2016 10:57:36" />
  <Log LogId="652" Status="ExecutePayouts SP triggered" LogTime="14-03-2016 11:18:39" />
  <Log LogId="653" Status="" LogTime="14-03-2016 11:18:40" />
  <Log LogId="654" Status="ExecutePayouts SP triggered" LogTime="14-03-2016 11:43:25" />
  <Log LogId="655" Status="" LogTime="14-03-2016 11:43:26" />
  <Log LogId="656" Status="ExecutePayouts SP triggered" LogTime="14-03-2016 11:48:04" />
  <Log LogId="657" Status="" LogTime="14-03-2016 11:48:05" />
  <Log LogId="658" Status="ExecutePayouts SP triggered" LogTime="14-03-2016 11:53:06" />
  <Log LogId="659" Status="" LogTime="14-03-2016 11:53:07" />
  <Log LogId="660" Status="ExecutePayouts SP triggered" LogTime="14-03-2016 12:02:18" />
  <Log LogId="661" Status="" LogTime="14-03-2016 12:02:19" />
  <Log LogId="662" Status="ExecutePayouts SP triggered" LogTime="14-03-2016 12:32:19" />
  <Log LogId="663" Status="" LogTime="14-03-2016 12:32:19" />
  <Log LogId="664" Status="ExecutePayouts SP triggered" LogTime="14-03-2016 13:02:19" />
  <Log LogId="665" Status="" LogTime="14-03-2016 13:02:19" />
  <Log LogId="666" Status="ExecutePayouts SP triggered" LogTime="14-03-2016 13:32:19" />
  <Log LogId="667" Status="" LogTime="14-03-2016 13:32:20" />
  <Log LogId="668" Status="ExecutePayouts SP triggered" LogTime="14-03-2016 14:02:20" />
  <Log LogId="669" Status="" LogTime="14-03-2016 14:02:20" />
  <Log LogId="670" Status="ExecutePayouts SP triggered" LogTime="14-03-2016 14:32:20" />
  <Log LogId="671" Status="" LogTime="14-03-2016 14:32:20" />
  <Log LogId="672" Status="ExecutePayouts SP triggered" LogTime="14-03-2016 15:02:20" />
  <Log LogId="673" Status="" LogTime="14-03-2016 15:02:21" />
  <Log LogId="674" Status="ExecutePayouts SP triggered" LogTime="14-03-2016 15:32:21" />
  <Log LogId="675" Status="" LogTime="14-03-2016 15:32:21" />
  <Log LogId="676" Status="ExecutePayouts SP triggered" LogTime="14-03-2016 16:02:21" />
  <Log LogId="677" Status="" LogTime="14-03-2016 16:02:22" />
  <Log LogId="678" Status="ExecutePayouts SP triggered" LogTime="14-03-2016 16:32:22" />
  <Log LogId="679" Status="" LogTime="14-03-2016 16:32:22" />
  <Log LogId="680" Status="ExecutePayouts SP triggered" LogTime="14-03-2016 17:02:22" />
  <Log LogId="681" Status="" LogTime="14-03-2016 17:02:22" />
  <Log LogId="682" Status="ExecutePayouts SP triggered" LogTime="14-03-2016 17:32:22" />
  <Log LogId="683" Status="" LogTime="14-03-2016 17:32:24" />
  <Log LogId="684" Status="ExecutePayouts SP triggered" LogTime="14-03-2016 18:02:24" />
  <Log LogId="685" Status="" LogTime="14-03-2016 18:02:26" />
  <Log LogId="686" Status="ExecutePayouts SP triggered" LogTime="14-03-2016 18:32:26" />
  <Log LogId="687" Status="" LogTime="14-03-2016 18:32:26" />
  <Log LogId="688" Status="ExecutePayouts SP triggered" LogTime="14-03-2016 19:02:26" />
  <Log LogId="689" Status="" LogTime="14-03-2016 19:02:27" />
  <Log LogId="690" Status="ExecutePayouts SP triggered" LogTime="14-03-2016 19:32:27" />
  <Log LogId="691" Status="" LogTime="14-03-2016 19:32:27" />
  <Log LogId="692" Status="ExecutePayouts SP triggered" LogTime="14-03-2016 20:02:27" />
  <Log LogId="693" Status="" LogTime="14-03-2016 20:02:27" />
  <Log LogId="694" Status="ExecutePayouts SP triggered" LogTime="14-03-2016 20:32:27" />
  <Log LogId="695" Status="" LogTime="14-03-2016 20:32:28" />
  <Log LogId="696" Status="ExecutePayouts SP triggered" LogTime="14-03-2016 21:02:28" />
  <Log LogId="697" Status="" LogTime="14-03-2016 21:02:29" />
  <Log LogId="698" Status="ExecutePayouts SP triggered" LogTime="14-03-2016 21:32:29" />
  <Log LogId="699" Status="" LogTime="14-03-2016 21:32:29" />
  <Log LogId="700" Status="ExecutePayouts SP triggered" LogTime="14-03-2016 22:02:29" />
  <Log LogId="701" Status="" LogTime="14-03-2016 22:02:29" />
  <Log LogId="702" Status="ExecutePayouts SP triggered" LogTime="14-03-2016 22:32:29" />
  <Log LogId="703" Status="" LogTime="14-03-2016 22:32:30" />
  <Log LogId="704" Status="ExecutePayouts SP triggered" LogTime="14-03-2016 22:56:29" />
  <Log LogId="705" Status="" LogTime="14-03-2016 22:56:31" />
  <Log LogId="706" Status="ExecutePayouts SP triggered" LogTime="14-03-2016 23:24:14" />
  <Log LogId="707" Status="" LogTime="14-03-2016 23:24:17" />
  <Log LogId="708" Status="ExecutePayouts SP triggered" LogTime="14-03-2016 23:54:17" />
  <Log LogId="709" Status="" LogTime="14-03-2016 23:54:18" />
  <Log LogId="710" Status="ExecutePayouts SP triggered" LogTime="15-03-2016 00:26:25" />
  <Log LogId="711" Status="" LogTime="15-03-2016 00:26:25" />
  <Log LogId="712" Status="ExecutePayouts SP triggered" LogTime="15-03-2016 00:49:53" />
  <Log LogId="713" Status="" LogTime="15-03-2016 00:49:54" />
  <Log LogId="714" Status="ExecutePayouts SP triggered" LogTime="15-03-2016 00:52:55" />
  <Log LogId="715" Status="" LogTime="15-03-2016 00:52:56" />
  <Log LogId="716" Status="ExecutePayouts SP triggered" LogTime="15-03-2016 01:12:14" />
  <Log LogId="717" Status="" LogTime="15-03-2016 01:12:14" />
  <Log LogId="718" Status="ExecutePayouts SP triggered" LogTime="15-03-2016 01:22:40" />
  <Log LogId="719" Status="" LogTime="15-03-2016 01:22:40" />
  <Log LogId="720" Status="ExecutePayouts SP triggered" LogTime="15-03-2016 01:52:40" />
  <Log LogId="721" Status="" LogTime="15-03-2016 01:52:40" />
  <Log LogId="722" Status="ExecutePayouts SP triggered" LogTime="15-03-2016 02:22:40" />
  <Log LogId="723" Status="" LogTime="15-03-2016 02:22:41" />
  <Log LogId="724" Status="ExecutePayouts SP triggered" LogTime="15-03-2016 02:52:41" />
  <Log LogId="725" Status="" LogTime="15-03-2016 02:52:41" />
  <Log LogId="726" Status="ExecutePayouts SP triggered" LogTime="15-03-2016 03:22:41" />
  <Log LogId="727" Status="" LogTime="15-03-2016 03:22:41" />
  <Log LogId="728" Status="ExecutePayouts SP triggered" LogTime="15-03-2016 03:52:41" />
  <Log LogId="729" Status="" LogTime="15-03-2016 03:52:41" />
  <Log LogId="730" Status="ExecutePayouts SP triggered" LogTime="15-03-2016 04:22:41" />
  <Log LogId="731" Status="" LogTime="15-03-2016 04:22:41" />
  <Log LogId="732" Status="ExecutePayouts SP triggered" LogTime="15-03-2016 04:52:41" />
  <Log LogId="733" Status="" LogTime="15-03-2016 04:52:41" />
  <Log LogId="734" Status="ExecutePayouts SP triggered" LogTime="15-03-2016 05:22:41" />
  <Log LogId="735" Status="" LogTime="15-03-2016 05:22:41" />
  <Log LogId="736" Status="ExecutePayouts SP triggered" LogTime="15-03-2016 05:52:41" />
  <Log LogId="737" Status="" LogTime="15-03-2016 05:52:41" />
  <Log LogId="738" Status="ExecutePayouts SP triggered" LogTime="15-03-2016 06:22:41" />
  <Log LogId="739" Status="" LogTime="15-03-2016 06:22:42" />
  <Log LogId="740" Status="ExecutePayouts SP triggered" LogTime="15-03-2016 06:52:42" />
  <Log LogId="741" Status="" LogTime="15-03-2016 06:52:42" />
  <Log LogId="742" Status="ExecutePayouts SP triggered" LogTime="15-03-2016 07:22:42" />
  <Log LogId="743" Status="" LogTime="15-03-2016 07:22:42" />
  <Log LogId="744" Status="ExecutePayouts SP triggered" LogTime="15-03-2016 07:52:42" />
  <Log LogId="745" Status="" LogTime="15-03-2016 07:52:42" />
  <Log LogId="746" Status="ExecutePayouts SP triggered" LogTime="15-03-2016 08:08:39" />
  <Log LogId="747" Status="" LogTime="15-03-2016 08:08:46" />
  <Log LogId="748" Status="ExecutePayouts SP triggered" LogTime="15-03-2016 08:38:46" />
  <Log LogId="749" Status="" LogTime="15-03-2016 08:38:46" />
  <Log LogId="750" Status="ExecutePayouts SP triggered" LogTime="15-03-2016 09:08:46" />
  <Log LogId="751" Status="" LogTime="15-03-2016 09:08:46" />
  <Log LogId="752" Status="ExecutePayouts SP triggered" LogTime="15-03-2016 09:38:46" />
  <Log LogId="753" Status="" LogTime="15-03-2016 09:38:47" />
  <Log LogId="754" Status="ExecutePayouts SP triggered" LogTime="15-03-2016 10:08:47" />
  <Log LogId="755" Status="" LogTime="15-03-2016 10:08:49" />
  <Log LogId="756" Status="ExecutePayouts SP triggered" LogTime="15-03-2016 10:38:49" />
  <Log LogId="757" Status="" LogTime="15-03-2016 10:38:49" />
  <Log LogId="758" Status="ExecutePayouts SP triggered" LogTime="15-03-2016 11:08:49" />
  <Log LogId="759" Status="" LogTime="15-03-2016 11:08:49" />
  <Log LogId="760" Status="ExecutePayouts SP triggered" LogTime="15-03-2016 11:38:49" />
  <Log LogId="761" Status="" LogTime="15-03-2016 11:38:50" />
  <Log LogId="762" Status="ExecutePayouts SP triggered" LogTime="15-03-2016 12:08:50" />
  <Log LogId="763" Status="" LogTime="15-03-2016 12:08:52" />
  <Log LogId="764" Status="ExecutePayouts SP triggered" LogTime="15-03-2016 12:38:53" />
  <Log LogId="765" Status="" LogTime="15-03-2016 12:38:53" />
  <Log LogId="766" Status="ExecutePayouts SP triggered" LogTime="15-03-2016 13:08:54" />
  <Log LogId="767" Status="" LogTime="15-03-2016 13:08:54" />
  <Log LogId="768" Status="ExecutePayouts SP triggered" LogTime="15-03-2016 13:38:54" />
  <Log LogId="769" Status="" LogTime="15-03-2016 13:38:55" />
  <Log LogId="770" Status="ExecutePayouts SP triggered" LogTime="15-03-2016 14:08:55" />
  <Log LogId="771" Status="" LogTime="15-03-2016 14:09:01" />
  <Log LogId="772" Status="ExecutePayouts SP triggered" LogTime="15-03-2016 14:39:01" />
  <Log LogId="773" Status="" LogTime="15-03-2016 14:39:01" />
  <Log LogId="774" Status="ExecutePayouts SP triggered" LogTime="15-03-2016 15:09:01" />
  <Log LogId="775" Status="" LogTime="15-03-2016 15:09:02" />
  <Log LogId="776" Status="ExecutePayouts SP triggered" LogTime="15-03-2016 15:39:02" />
  <Log LogId="777" Status="" LogTime="15-03-2016 15:39:02" />
  <Log LogId="778" Status="ExecutePayouts SP triggered" LogTime="15-03-2016 16:09:02" />
  <Log LogId="779" Status="" LogTime="15-03-2016 16:09:02" />
  <Log LogId="780" Status="ExecutePayouts SP triggered" LogTime="15-03-2016 16:39:03" />
  <Log LogId="781" Status="" LogTime="15-03-2016 16:39:03" />
  <Log LogId="782" Status="ExecutePayouts SP triggered" LogTime="15-03-2016 17:09:03" />
  <Log LogId="783" Status="" LogTime="15-03-2016 17:09:04" />
  <Log LogId="784" Status="ExecutePayouts SP triggered" LogTime="15-03-2016 17:39:04" />
  <Log LogId="785" Status="" LogTime="15-03-2016 17:39:04" />
  <Log LogId="786" Status="ExecutePayouts SP triggered" LogTime="15-03-2016 18:09:04" />
  <Log LogId="787" Status="" LogTime="15-03-2016 18:09:05" />
  <Log LogId="788" Status="ExecutePayouts SP triggered" LogTime="15-03-2016 18:39:06" />
  <Log LogId="789" Status="" LogTime="15-03-2016 18:39:06" />
  <Log LogId="790" Status="ExecutePayouts SP triggered" LogTime="15-03-2016 19:09:06" />
  <Log LogId="791" Status="" LogTime="15-03-2016 19:09:08" />
  <Log LogId="792" Status="ExecutePayouts SP triggered" LogTime="15-03-2016 19:39:08" />
  <Log LogId="793" Status="" LogTime="15-03-2016 19:39:13" />
  <Log LogId="794" Status="ExecutePayouts SP triggered" LogTime="15-03-2016 20:09:13" />
  <Log LogId="795" Status="" LogTime="15-03-2016 20:09:15" />
  <Log LogId="796" Status="ExecutePayouts SP triggered" LogTime="15-03-2016 20:39:15" />
  <Log LogId="797" Status="" LogTime="15-03-2016 20:39:16" />
  <Log LogId="798" Status="ExecutePayouts SP triggered" LogTime="15-03-2016 21:09:16" />
  <Log LogId="799" Status="" LogTime="15-03-2016 21:09:16" />
  <Log LogId="800" Status="ExecutePayouts SP triggered" LogTime="15-03-2016 21:39:16" />
  <Log LogId="801" Status="" LogTime="15-03-2016 21:39:17" />
  <Log LogId="802" Status="ExecutePayouts SP triggered" LogTime="15-03-2016 22:09:17" />
  <Log LogId="803" Status="" LogTime="15-03-2016 22:09:20" />
  <Log LogId="804" Status="ExecutePayouts SP triggered" LogTime="15-03-2016 22:39:20" />
  <Log LogId="805" Status="" LogTime="15-03-2016 22:39:21" />
  <Log LogId="806" Status="ExecutePayouts SP triggered" LogTime="15-03-2016 23:09:21" />
  <Log LogId="807" Status="" LogTime="15-03-2016 23:09:22" />
  <Log LogId="808" Status="ExecutePayouts SP triggered" LogTime="15-03-2016 23:39:22" />
  <Log LogId="809" Status="" LogTime="15-03-2016 23:39:23" />
  <Log LogId="810" Status="ExecutePayouts SP triggered" LogTime="15-03-2016 23:42:02" />
  <Log LogId="811" Status="" LogTime="15-03-2016 23:42:03" />
  <Log LogId="812" Status="ExecutePayouts SP triggered" LogTime="16-03-2016 00:12:03" />
  <Log LogId="813" Status="" LogTime="16-03-2016 00:12:03" />
  <Log LogId="814" Status="ExecutePayouts SP triggered" LogTime="16-03-2016 00:42:03" />
  <Log LogId="815" Status="" LogTime="16-03-2016 00:42:03" />
  <Log LogId="816" Status="ExecutePayouts SP triggered" LogTime="16-03-2016 01:12:03" />
  <Log LogId="817" Status="" LogTime="16-03-2016 01:12:04" />
  <Log LogId="818" Status="ExecutePayouts SP triggered" LogTime="16-03-2016 01:42:04" />
  <Log LogId="819" Status="" LogTime="16-03-2016 01:42:04" />
  <Log LogId="820" Status="ExecutePayouts SP triggered" LogTime="16-03-2016 02:12:04" />
  <Log LogId="821" Status="" LogTime="16-03-2016 02:12:04" />
  <Log LogId="822" Status="ExecutePayouts SP triggered" LogTime="16-03-2016 02:42:04" />
  <Log LogId="823" Status="" LogTime="16-03-2016 02:42:05" />
  <Log LogId="824" Status="ExecutePayouts SP triggered" LogTime="16-03-2016 03:12:05" />
  <Log LogId="825" Status="" LogTime="16-03-2016 03:12:05" />
  <Log LogId="826" Status="ExecutePayouts SP triggered" LogTime="16-03-2016 03:42:05" />
  <Log LogId="827" Status="" LogTime="16-03-2016 03:42:05" />
  <Log LogId="828" Status="ExecutePayouts SP triggered" LogTime="16-03-2016 04:12:05" />
  <Log LogId="829" Status="" LogTime="16-03-2016 04:12:05" />
  <Log LogId="830" Status="ExecutePayouts SP triggered" LogTime="16-03-2016 04:42:05" />
  <Log LogId="831" Status="" LogTime="16-03-2016 04:42:06" />
  <Log LogId="832" Status="ExecutePayouts SP triggered" LogTime="16-03-2016 05:12:06" />
  <Log LogId="833" Status="" LogTime="16-03-2016 05:12:06" />
  <Log LogId="834" Status="ExecutePayouts SP triggered" LogTime="16-03-2016 05:42:06" />
  <Log LogId="835" Status="" LogTime="16-03-2016 05:42:07" />
  <Log LogId="836" Status="ExecutePayouts SP triggered" LogTime="16-03-2016 06:12:07" />
  <Log LogId="837" Status="" LogTime="16-03-2016 06:12:07" />
  <Log LogId="838" Status="ExecutePayouts SP triggered" LogTime="16-03-2016 06:42:07" />
  <Log LogId="839" Status="" LogTime="16-03-2016 06:42:07" />
  <Log LogId="840" Status="ExecutePayouts SP triggered" LogTime="16-03-2016 07:12:07" />
  <Log LogId="841" Status="" LogTime="16-03-2016 07:12:07" />
  <Log LogId="842" Status="ExecutePayouts SP triggered" LogTime="16-03-2016 07:42:08" />
  <Log LogId="843" Status="" LogTime="16-03-2016 07:42:08" />
  <Log LogId="844" Status="ExecutePayouts SP triggered" LogTime="16-03-2016 08:12:08" />
  <Log LogId="845" Status="" LogTime="16-03-2016 08:12:08" />
  <Log LogId="846" Status="ExecutePayouts SP triggered" LogTime="16-03-2016 08:42:08" />
  <Log LogId="847" Status="" LogTime="16-03-2016 08:42:08" />
  <Log LogId="848" Status="ExecutePayouts SP triggered" LogTime="16-03-2016 09:12:09" />
  <Log LogId="849" Status="" LogTime="16-03-2016 09:12:09" />
  <Log LogId="850" Status="ExecutePayouts SP triggered" LogTime="16-03-2016 09:14:34" />
  <Log LogId="851" Status="" LogTime="16-03-2016 09:14:35" />
  <Log LogId="852" Status="ExecutePayouts SP triggered" LogTime="16-03-2016 09:16:31" />
  <Log LogId="853" Status="" LogTime="16-03-2016 09:16:32" />
  <Log LogId="854" Status="ExecutePayouts SP triggered" LogTime="16-03-2016 09:46:33" />
  <Log LogId="855" Status="" LogTime="16-03-2016 09:46:33" />
  <Log LogId="856" Status="ExecutePayouts SP triggered" LogTime="16-03-2016 09:47:15" />
  <Log LogId="857" Status="" LogTime="16-03-2016 09:47:15" />
  <Log LogId="858" Status="ExecutePayouts SP triggered" LogTime="16-03-2016 09:52:17" />
  <Log LogId="859" Status="" LogTime="16-03-2016 09:52:18" />
  <Log LogId="860" Status="ExecutePayouts SP triggered" LogTime="16-03-2016 10:22:19" />
  <Log LogId="861" Status="" LogTime="16-03-2016 10:22:19" />
  <Log LogId="862" Status="ExecutePayouts SP triggered" LogTime="16-03-2016 10:24:36" />
  <Log LogId="863" Status="" LogTime="16-03-2016 10:24:36" />
  <Log LogId="864" Status="ExecutePayouts SP triggered" LogTime="16-03-2016 10:54:37" />
  <Log LogId="865" Status="" LogTime="16-03-2016 10:54:37" />
  <Log LogId="866" Status="ExecutePayouts SP triggered" LogTime="16-03-2016 11:24:37" />
  <Log LogId="867" Status="" LogTime="16-03-2016 11:24:38" />
  <Log LogId="868" Status="ExecutePayouts SP triggered" LogTime="16-03-2016 11:54:38" />
  <Log LogId="869" Status="" LogTime="16-03-2016 11:54:38" />
  <Log LogId="870" Status="ExecutePayouts SP triggered" LogTime="16-03-2016 12:24:38" />
  <Log LogId="871" Status="" LogTime="16-03-2016 12:24:38" />
  <Log LogId="872" Status="ExecutePayouts SP triggered" LogTime="16-03-2016 12:54:39" />
  <Log LogId="873" Status="" LogTime="16-03-2016 12:54:39" />
  <Log LogId="874" Status="ExecutePayouts SP triggered" LogTime="16-03-2016 13:24:39" />
  <Log LogId="875" Status="" LogTime="16-03-2016 13:24:40" />
  <Log LogId="876" Status="ExecutePayouts SP triggered" LogTime="16-03-2016 13:54:40" />
  <Log LogId="877" Status="" LogTime="16-03-2016 13:54:40" />
  <Log LogId="878" Status="ExecutePayouts SP triggered" LogTime="16-03-2016 14:24:40" />
  <Log LogId="879" Status="" LogTime="16-03-2016 14:24:41" />
  <Log LogId="880" Status="ExecutePayouts SP triggered" LogTime="16-03-2016 14:54:41" />
  <Log LogId="881" Status="" LogTime="16-03-2016 14:54:41" />
  <Log LogId="882" Status="ExecutePayouts SP triggered" LogTime="16-03-2016 15:24:41" />
  <Log LogId="883" Status="" LogTime="16-03-2016 15:24:41" />
  <Log LogId="884" Status="ExecutePayouts SP triggered" LogTime="16-03-2016 15:54:42" />
  <Log LogId="885" Status="" LogTime="16-03-2016 15:54:42" />
  <Log LogId="886" Status="ExecutePayouts SP triggered" LogTime="16-03-2016 16:24:42" />
  <Log LogId="887" Status="" LogTime="16-03-2016 16:24:42" />
  <Log LogId="888" Status="ExecutePayouts SP triggered" LogTime="16-03-2016 16:54:42" />
  <Log LogId="889" Status="" LogTime="16-03-2016 16:54:44" />
  <Log LogId="890" Status="ExecutePayouts SP triggered" LogTime="16-03-2016 17:24:44" />
  <Log LogId="891" Status="" LogTime="16-03-2016 17:24:44" />
  <Log LogId="892" Status="ExecutePayouts SP triggered" LogTime="16-03-2016 17:54:44" />
  <Log LogId="893" Status="" LogTime="16-03-2016 17:54:44" />
  <Log LogId="894" Status="ExecutePayouts SP triggered" LogTime="16-03-2016 18:24:44" />
  <Log LogId="895" Status="" LogTime="16-03-2016 18:24:45" />
  <Log LogId="896" Status="ExecutePayouts SP triggered" LogTime="16-03-2016 18:54:45" />
  <Log LogId="897" Status="" LogTime="16-03-2016 18:54:45" />
  <Log LogId="898" Status="ExecutePayouts SP triggered" LogTime="16-03-2016 19:24:45" />
  <Log LogId="899" Status="" LogTime="16-03-2016 19:24:47" />
  <Log LogId="900" Status="ExecutePayouts SP triggered" LogTime="16-03-2016 19:54:47" />
  <Log LogId="901" Status="" LogTime="16-03-2016 19:54:49" />
  <Log LogId="902" Status="ExecutePayouts SP triggered" LogTime="16-03-2016 20:24:49" />
  <Log LogId="903" Status="" LogTime="16-03-2016 20:24:49" />
  <Log LogId="904" Status="ExecutePayouts SP triggered" LogTime="16-03-2016 20:54:50" />
  <Log LogId="905" Status="" LogTime="16-03-2016 20:54:50" />
  <Log LogId="906" Status="ExecutePayouts SP triggered" LogTime="16-03-2016 21:24:50" />
  <Log LogId="907" Status="" LogTime="16-03-2016 21:24:50" />
  <Log LogId="908" Status="ExecutePayouts SP triggered" LogTime="16-03-2016 21:54:50" />
  <Log LogId="909" Status="" LogTime="16-03-2016 21:54:51" />
  <Log LogId="910" Status="ExecutePayouts SP triggered" LogTime="16-03-2016 22:24:51" />
  <Log LogId="911" Status="" LogTime="16-03-2016 22:24:51" />
  <Log LogId="912" Status="ExecutePayouts SP triggered" LogTime="16-03-2016 22:54:51" />
  <Log LogId="913" Status="" LogTime="16-03-2016 22:54:53" />
  <Log LogId="914" Status="ExecutePayouts SP triggered" LogTime="16-03-2016 23:24:53" />
  <Log LogId="915" Status="" LogTime="16-03-2016 23:24:53" />
  <Log LogId="916" Status="ExecutePayouts SP triggered" LogTime="16-03-2016 23:54:53" />
  <Log LogId="917" Status="" LogTime="16-03-2016 23:54:54" />
  <Log LogId="918" Status="ExecutePayouts SP triggered" LogTime="17-03-2016 00:17:33" />
  <Log LogId="919" Status="" LogTime="17-03-2016 00:17:38" />
  <Log LogId="920" Status="ExecutePayouts SP triggered" LogTime="17-03-2016 00:47:38" />
  <Log LogId="921" Status="" LogTime="17-03-2016 00:47:40" />
  <Log LogId="922" Status="ExecutePayouts SP triggered" LogTime="17-03-2016 01:17:40" />
  <Log LogId="923" Status="" LogTime="17-03-2016 01:17:40" />
  <Log LogId="924" Status="ExecutePayouts SP triggered" LogTime="17-03-2016 01:47:41" />
  <Log LogId="925" Status="" LogTime="17-03-2016 01:47:41" />
  <Log LogId="926" Status="ExecutePayouts SP triggered" LogTime="17-03-2016 16:48:34" />
  <Log LogId="927" Status="" LogTime="17-03-2016 16:48:37" />
  <Log LogId="928" Status="ExecutePayouts SP triggered" LogTime="17-03-2016 17:18:38" />
  <Log LogId="929" Status="" LogTime="17-03-2016 17:18:38" />
  <Log LogId="930" Status="ExecutePayouts SP triggered" LogTime="17-03-2016 17:48:38" />
  <Log LogId="931" Status="" LogTime="17-03-2016 17:48:38" />
  <Log LogId="932" Status="ExecutePayouts SP triggered" LogTime="28-03-2016 09:09:04" />
  <Log LogId="933" Status="" LogTime="28-03-2016 09:09:06" />
  <Log LogId="934" Status="ExecutePayouts SP triggered" LogTime="28-03-2016 09:39:07" />
  <Log LogId="935" Status="" LogTime="28-03-2016 09:39:12" />
  <Log LogId="936" Status="ExecutePayouts SP triggered" LogTime="28-03-2016 10:09:12" />
  <Log LogId="937" Status="" LogTime="28-03-2016 10:09:14" />
  <Log LogId="938" Status="ExecutePayouts SP triggered" LogTime="28-03-2016 10:39:14" />
  <Log LogId="939" Status="" LogTime="28-03-2016 10:39:16" />
  <Log LogId="940" Status="ExecutePayouts SP triggered" LogTime="28-03-2016 11:09:16" />
  <Log LogId="941" Status="" LogTime="28-03-2016 11:09:18" />
  <Log LogId="942" Status="ExecutePayouts SP triggered" LogTime="28-03-2016 11:39:19" />
  <Log LogId="943" Status="" LogTime="28-03-2016 11:39:22" />
  <Log LogId="944" Status="ExecutePayouts SP triggered" LogTime="28-03-2016 12:09:23" />
  <Log LogId="945" Status="" LogTime="28-03-2016 12:09:24" />
  <Log LogId="946" Status="ExecutePayouts SP triggered" LogTime="28-03-2016 12:39:24" />
  <Log LogId="947" Status="" LogTime="28-03-2016 12:39:25" />
  <Log LogId="948" Status="ExecutePayouts SP triggered" LogTime="28-03-2016 13:09:26" />
  <Log LogId="949" Status="" LogTime="28-03-2016 13:09:27" />
  <Log LogId="950" Status="ExecutePayouts SP triggered" LogTime="28-03-2016 13:39:27" />
  <Log LogId="951" Status="" LogTime="28-03-2016 13:39:28" />
  <Log LogId="952" Status="ExecutePayouts SP triggered" LogTime="28-03-2016 14:09:29" />
  <Log LogId="953" Status="" LogTime="28-03-2016 14:09:30" />
  <Log LogId="954" Status="ExecutePayouts SP triggered" LogTime="28-03-2016 14:39:30" />
  <Log LogId="955" Status="" LogTime="28-03-2016 14:39:31" />
  <Log LogId="956" Status="ExecutePayouts SP triggered" LogTime="28-03-2016 15:09:31" />
  <Log LogId="957" Status="" LogTime="28-03-2016 15:09:33" />
  <Log LogId="958" Status="ExecutePayouts SP triggered" LogTime="28-03-2016 15:39:33" />
  <Log LogId="959" Status="" LogTime="28-03-2016 15:39:36" />
  <Log LogId="960" Status="ExecutePayouts SP triggered" LogTime="28-03-2016 16:09:36" />
  <Log LogId="961" Status="" LogTime="28-03-2016 16:09:37" />
  <Log LogId="962" Status="ExecutePayouts SP triggered" LogTime="28-03-2016 16:39:37" />
  <Log LogId="963" Status="" LogTime="28-03-2016 16:39:39" />
  <Log LogId="964" Status="ExecutePayouts SP triggered" LogTime="28-03-2016 17:09:39" />
  <Log LogId="965" Status="" LogTime="28-03-2016 17:09:41" />
  <Log LogId="966" Status="ExecutePayouts SP triggered" LogTime="28-03-2016 17:39:41" />
  <Log LogId="967" Status="" LogTime="28-03-2016 17:39:42" />
  <Log LogId="968" Status="ExecutePayouts SP triggered" LogTime="28-03-2016 18:09:42" />
  <Log LogId="969" Status="" LogTime="28-03-2016 18:09:44" />
  <Log LogId="970" Status="ExecutePayouts SP triggered" LogTime="28-03-2016 18:39:44" />
  <Log LogId="971" Status="" LogTime="28-03-2016 18:39:45" />
  <Log LogId="972" Status="ExecutePayouts SP triggered" LogTime="28-03-2016 19:09:45" />
  <Log LogId="973" Status="" LogTime="28-03-2016 19:09:48" />
  <Log LogId="974" Status="ExecutePayouts SP triggered" LogTime="28-03-2016 19:39:48" />
  <Log LogId="975" Status="" LogTime="28-03-2016 19:39:49" />
  <Log LogId="976" Status="ExecutePayouts SP triggered" LogTime="28-03-2016 20:09:49" />
  <Log LogId="977" Status="" LogTime="28-03-2016 20:09:51" />
  <Log LogId="978" Status="ExecutePayouts SP triggered" LogTime="28-03-2016 20:39:51" />
  <Log LogId="979" Status="" LogTime="28-03-2016 20:39:52" />
  <Log LogId="980" Status="ExecutePayouts SP triggered" LogTime="28-03-2016 21:09:52" />
  <Log LogId="981" Status="" LogTime="28-03-2016 21:09:54" />
  <Log LogId="982" Status="ExecutePayouts SP triggered" LogTime="28-03-2016 21:39:54" />
  <Log LogId="983" Status="" LogTime="28-03-2016 21:39:57" />
  <Log LogId="984" Status="ExecutePayouts SP triggered" LogTime="28-03-2016 22:09:57" />
  <Log LogId="985" Status="" LogTime="28-03-2016 22:10:00" />
  <Log LogId="986" Status="ExecutePayouts SP triggered" LogTime="28-03-2016 22:40:00" />
  <Log LogId="987" Status="" LogTime="28-03-2016 22:40:01" />
  <Log LogId="988" Status="ExecutePayouts SP triggered" LogTime="28-03-2016 23:10:01" />
  <Log LogId="989" Status="" LogTime="28-03-2016 23:10:01" />
  <Log LogId="990" Status="ExecutePayouts SP triggered" LogTime="28-03-2016 23:40:01" />
  <Log LogId="991" Status="" LogTime="28-03-2016 23:40:02" />
  <Log LogId="992" Status="ExecutePayouts SP triggered" LogTime="03-04-2016 08:28:05" />
  <Log LogId="993" Status="" LogTime="03-04-2016 08:28:06" />
  <Log LogId="994" Status="ExecutePayouts SP triggered" LogTime="03-04-2016 10:06:38" />
  <Log LogId="995" Status="" LogTime="03-04-2016 10:06:40" />
  <Log LogId="996" Status="ExecutePayouts SP triggered" LogTime="05-04-2016 20:59:34" />
  <Log LogId="997" Status="" LogTime="05-04-2016 20:59:35" />
  <Log LogId="998" Status="ExecutePayouts SP triggered" LogTime="05-04-2016 21:29:36" />
  <Log LogId="999" Status="" LogTime="05-04-2016 21:29:37" />
  <Log LogId="1000" Status="ExecutePayouts SP triggered" LogTime="05-04-2016 21:59:37" />
  <Log LogId="1001" Status="" LogTime="05-04-2016 21:59:38" />
  <Log LogId="1002" Status="ExecutePayouts SP triggered" LogTime="05-04-2016 22:29:38" />
  <Log LogId="1003" Status="" LogTime="05-04-2016 22:29:40" />
  <Log LogId="1004" Status="ExecutePayouts SP triggered" LogTime="05-04-2016 22:59:40" />
  <Log LogId="1005" Status="" LogTime="05-04-2016 22:59:41" />
  <Log LogId="1006" Status="ExecutePayouts SP triggered" LogTime="05-04-2016 23:29:41" />
  <Log LogId="1007" Status="" LogTime="05-04-2016 23:29:42" />
  <Log LogId="1008" Status="ExecutePayouts SP triggered" LogTime="05-04-2016 23:59:43" />
  <Log LogId="1009" Status="" LogTime="05-04-2016 23:59:44" />
  <Log LogId="1010" Status="ExecutePayouts SP triggered" LogTime="06-04-2016 00:29:44" />
  <Log LogId="1011" Status="" LogTime="06-04-2016 00:29:45" />
  <Log LogId="1012" Status="ExecutePayouts SP triggered" LogTime="06-04-2016 00:59:45" />
  <Log LogId="1013" Status="" LogTime="06-04-2016 00:59:46" />
  <Log LogId="1014" Status="ExecutePayouts SP triggered" LogTime="06-04-2016 01:29:46" />
  <Log LogId="1015" Status="" LogTime="06-04-2016 01:29:52" />
  <Log LogId="1016" Status="ExecutePayouts SP triggered" LogTime="06-04-2016 01:59:52" />
  <Log LogId="1017" Status="" LogTime="06-04-2016 01:59:53" />
  <Log LogId="1018" Status="ExecutePayouts SP triggered" LogTime="06-04-2016 02:29:53" />
  <Log LogId="1019" Status="" LogTime="06-04-2016 02:29:54" />
  <Log LogId="1020" Status="ExecutePayouts SP triggered" LogTime="06-04-2016 02:59:54" />
  <Log LogId="1021" Status="" LogTime="06-04-2016 02:59:55" />
  <Log LogId="1022" Status="ExecutePayouts SP triggered" LogTime="06-04-2016 03:29:56" />
  <Log LogId="1023" Status="" LogTime="06-04-2016 03:29:58" />
  <Log LogId="1024" Status="ExecutePayouts SP triggered" LogTime="06-04-2016 03:59:58" />
  <Log LogId="1025" Status="" LogTime="06-04-2016 03:59:59" />
  <Log LogId="1026" Status="ExecutePayouts SP triggered" LogTime="06-04-2016 04:29:59" />
  <Log LogId="1027" Status="" LogTime="06-04-2016 04:30:00" />
  <Log LogId="1028" Status="ExecutePayouts SP triggered" LogTime="06-04-2016 05:00:00" />
  <Log LogId="1029" Status="" LogTime="06-04-2016 05:00:03" />
  <Log LogId="1030" Status="ExecutePayouts SP triggered" LogTime="06-04-2016 05:30:03" />
  <Log LogId="1031" Status="" LogTime="06-04-2016 05:30:04" />
  <Log LogId="1032" Status="ExecutePayouts SP triggered" LogTime="06-04-2016 06:00:04" />
  <Log LogId="1033" Status="" LogTime="06-04-2016 06:00:05" />
  <Log LogId="1034" Status="ExecutePayouts SP triggered" LogTime="06-04-2016 06:30:06" />
  <Log LogId="1035" Status="" LogTime="06-04-2016 06:30:07" />
  <Log LogId="1036" Status="ExecutePayouts SP triggered" LogTime="06-04-2016 07:00:07" />
  <Log LogId="1037" Status="" LogTime="06-04-2016 07:00:08" />
  <Log LogId="1038" Status="ExecutePayouts SP triggered" LogTime="06-04-2016 07:30:08" />
  <Log LogId="1039" Status="" LogTime="06-04-2016 07:30:09" />
  <Log LogId="1040" Status="ExecutePayouts SP triggered" LogTime="06-04-2016 08:00:09" />
  <Log LogId="1041" Status="" LogTime="06-04-2016 08:00:10" />
  <Log LogId="1042" Status="ExecutePayouts SP triggered" LogTime="06-04-2016 08:30:10" />
  <Log LogId="1043" Status="" LogTime="06-04-2016 08:30:11" />
  <Log LogId="1044" Status="ExecutePayouts SP triggered" LogTime="06-04-2016 22:23:34" />
  <Log LogId="1045" Status="" LogTime="06-04-2016 22:23:36" />
  <Log LogId="1046" Status="ExecutePayouts SP triggered" LogTime="06-04-2016 22:53:36" />
  <Log LogId="1047" Status="" LogTime="06-04-2016 22:53:37" />
  <Log LogId="1048" Status="ExecutePayouts SP triggered" LogTime="06-04-2016 23:23:37" />
  <Log LogId="1049" Status="" LogTime="06-04-2016 23:23:38" />
  <Log LogId="1050" Status="ExecutePayouts SP triggered" LogTime="06-04-2016 23:53:38" />
  <Log LogId="1051" Status="" LogTime="06-04-2016 23:53:39" />
  <Log LogId="1052" Status="ExecutePayouts SP triggered" LogTime="07-04-2016 00:23:39" />
  <Log LogId="1053" Status="" LogTime="07-04-2016 00:23:41" />
  <Log LogId="1054" Status="ExecutePayouts SP triggered" LogTime="07-04-2016 00:53:41" />
  <Log LogId="1055" Status="" LogTime="07-04-2016 00:53:42" />
  <Log LogId="1056" Status="ExecutePayouts SP triggered" LogTime="07-04-2016 01:23:42" />
  <Log LogId="1057" Status="" LogTime="07-04-2016 01:23:43" />
  <Log LogId="1058" Status="ExecutePayouts SP triggered" LogTime="07-04-2016 01:53:44" />
  <Log LogId="1059" Status="" LogTime="07-04-2016 01:53:44" />
  <Log LogId="1060" Status="ExecutePayouts SP triggered" LogTime="07-04-2016 02:23:44" />
  <Log LogId="1061" Status="" LogTime="07-04-2016 02:23:46" />
  <Log LogId="1062" Status="ExecutePayouts SP triggered" LogTime="07-04-2016 02:53:46" />
  <Log LogId="1063" Status="" LogTime="07-04-2016 02:53:47" />
  <Log LogId="1064" Status="ExecutePayouts SP triggered" LogTime="07-04-2016 03:23:47" />
  <Log LogId="1065" Status="" LogTime="07-04-2016 03:23:48" />
  <Log LogId="1066" Status="ExecutePayouts SP triggered" LogTime="07-04-2016 03:53:48" />
  <Log LogId="1067" Status="" LogTime="07-04-2016 03:53:49" />
  <Log LogId="1068" Status="ExecutePayouts SP triggered" LogTime="07-04-2016 04:23:49" />
  <Log LogId="1069" Status="" LogTime="07-04-2016 04:23:53" />
  <Log LogId="1070" Status="ExecutePayouts SP triggered" LogTime="07-04-2016 04:53:53" />
  <Log LogId="1071" Status="" LogTime="07-04-2016 04:53:54" />
  <Log LogId="1072" Status="ExecutePayouts SP triggered" LogTime="07-04-2016 05:23:54" />
  <Log LogId="1073" Status="" LogTime="07-04-2016 05:23:55" />
  <Log LogId="1074" Status="ExecutePayouts SP triggered" LogTime="07-04-2016 05:53:55" />
  <Log LogId="1075" Status="" LogTime="07-04-2016 05:53:56" />
  <Log LogId="1076" Status="ExecutePayouts SP triggered" LogTime="07-04-2016 06:23:56" />
  <Log LogId="1077" Status="" LogTime="07-04-2016 06:23:57" />
  <Log LogId="1078" Status="ExecutePayouts SP triggered" LogTime="07-04-2016 06:53:57" />
  <Log LogId="1079" Status="" LogTime="07-04-2016 06:53:58" />
  <Log LogId="1080" Status="ExecutePayouts SP triggered" LogTime="07-04-2016 07:23:58" />
  <Log LogId="1081" Status="" LogTime="07-04-2016 07:23:59" />
  <Log LogId="1082" Status="ExecutePayouts SP triggered" LogTime="07-04-2016 07:53:59" />
  <Log LogId="1083" Status="" LogTime="07-04-2016 07:54:00" />
  <Log LogId="1084" Status="ExecutePayouts SP triggered" LogTime="07-04-2016 08:24:00" />
  <Log LogId="1085" Status="" LogTime="07-04-2016 08:24:01" />
  <Log LogId="1086" Status="ExecutePayouts SP triggered" LogTime="08-04-2016 09:33:01" />
  <Log LogId="1087" Status="" LogTime="08-04-2016 09:33:03" />
  <Log LogId="1088" Status="ExecutePayouts SP triggered" LogTime="08-04-2016 10:03:03" />
  <Log LogId="1089" Status="" LogTime="08-04-2016 10:03:04" />
  <Log LogId="1090" Status="ExecutePayouts SP triggered" LogTime="08-04-2016 10:33:04" />
  <Log LogId="1091" Status="" LogTime="08-04-2016 10:33:06" />
  <Log LogId="1092" Status="ExecutePayouts SP triggered" LogTime="08-04-2016 11:03:07" />
  <Log LogId="1093" Status="" LogTime="08-04-2016 11:03:09" />
  <Log LogId="1094" Status="ExecutePayouts SP triggered" LogTime="08-04-2016 11:33:09" />
  <Log LogId="1095" Status="" LogTime="08-04-2016 11:33:12" />
  <Log LogId="1096" Status="ExecutePayouts SP triggered" LogTime="08-04-2016 12:03:12" />
  <Log LogId="1097" Status="" LogTime="08-04-2016 12:03:14" />
  <Log LogId="1098" Status="ExecutePayouts SP triggered" LogTime="08-04-2016 12:33:15" />
  <Log LogId="1099" Status="" LogTime="08-04-2016 12:33:17" />
  <Log LogId="1100" Status="ExecutePayouts SP triggered" LogTime="08-04-2016 13:03:17" />
  <Log LogId="1101" Status="" LogTime="08-04-2016 13:03:20" />
  <Log LogId="1102" Status="ExecutePayouts SP triggered" LogTime="08-04-2016 13:33:20" />
  <Log LogId="1103" Status="" LogTime="08-04-2016 13:33:21" />
  <Log LogId="1104" Status="ExecutePayouts SP triggered" LogTime="08-04-2016 14:03:22" />
  <Log LogId="1105" Status="" LogTime="08-04-2016 14:03:25" />
  <Log LogId="1106" Status="ExecutePayouts SP triggered" LogTime="08-04-2016 14:33:25" />
  <Log LogId="1107" Status="" LogTime="08-04-2016 14:33:27" />
  <Log LogId="1108" Status="ExecutePayouts SP triggered" LogTime="08-04-2016 15:03:27" />
  <Log LogId="1109" Status="" LogTime="08-04-2016 15:03:29" />
  <Log LogId="1110" Status="ExecutePayouts SP triggered" LogTime="08-04-2016 15:33:29" />
  <Log LogId="1111" Status="" LogTime="08-04-2016 15:33:30" />
  <Log LogId="1112" Status="ExecutePayouts SP triggered" LogTime="08-04-2016 16:03:31" />
  <Log LogId="1113" Status="" LogTime="08-04-2016 16:03:33" />
  <Log LogId="1114" Status="ExecutePayouts SP triggered" LogTime="08-04-2016 16:33:33" />
  <Log LogId="1115" Status="" LogTime="08-04-2016 16:33:35" />
  <Log LogId="1116" Status="ExecutePayouts SP triggered" LogTime="08-04-2016 17:03:35" />
  <Log LogId="1117" Status="" LogTime="08-04-2016 17:03:36" />
  <Log LogId="1118" Status="ExecutePayouts SP triggered" LogTime="08-04-2016 17:33:36" />
  <Log LogId="1119" Status="" LogTime="08-04-2016 17:33:39" />
  <Log LogId="1120" Status="ExecutePayouts SP triggered" LogTime="08-04-2016 18:03:39" />
  <Log LogId="1121" Status="" LogTime="08-04-2016 18:03:42" />
  <Log LogId="1122" Status="ExecutePayouts SP triggered" LogTime="08-04-2016 18:33:43" />
  <Log LogId="1123" Status="" LogTime="08-04-2016 18:33:45" />
  <Log LogId="1124" Status="ExecutePayouts SP triggered" LogTime="08-04-2016 19:03:45" />
  <Log LogId="1125" Status="" LogTime="08-04-2016 19:03:47" />
  <Log LogId="1126" Status="ExecutePayouts SP triggered" LogTime="08-04-2016 19:33:47" />
  <Log LogId="1127" Status="" LogTime="08-04-2016 19:33:49" />
  <Log LogId="1128" Status="ExecutePayouts SP triggered" LogTime="08-04-2016 20:03:49" />
  <Log LogId="1129" Status="" LogTime="08-04-2016 20:03:52" />
  <Log LogId="1130" Status="ExecutePayouts SP triggered" LogTime="08-04-2016 20:33:52" />
  <Log LogId="1131" Status="" LogTime="08-04-2016 20:33:54" />
  <Log LogId="1132" Status="ExecutePayouts SP triggered" LogTime="08-04-2016 21:03:55" />
  <Log LogId="1133" Status="" LogTime="08-04-2016 21:03:57" />
  <Log LogId="1134" Status="ExecutePayouts SP triggered" LogTime="08-04-2016 21:33:57" />
  <Log LogId="1135" Status="" LogTime="08-04-2016 21:34:02" />
  <Log LogId="1136" Status="ExecutePayouts SP triggered" LogTime="08-04-2016 22:04:02" />
  <Log LogId="1137" Status="" LogTime="08-04-2016 22:04:03" />
  <Log LogId="1138" Status="ExecutePayouts SP triggered" LogTime="08-04-2016 22:34:03" />
  <Log LogId="1139" Status="" LogTime="08-04-2016 22:34:05" />
  <Log LogId="1140" Status="ExecutePayouts SP triggered" LogTime="08-04-2016 23:04:05" />
  <Log LogId="1141" Status="" LogTime="08-04-2016 23:04:07" />
  <Log LogId="1142" Status="ExecutePayouts SP triggered" LogTime="08-04-2016 23:34:07" />
  <Log LogId="1143" Status="" LogTime="08-04-2016 23:34:09" />
  <Log LogId="1144" Status="ExecutePayouts SP triggered" LogTime="09-04-2016 00:04:09" />
  <Log LogId="1145" Status="Failed" LogTime="09-04-2016 00:04:11" />
  <Log LogId="1146" Status="ExecutePayouts SP triggered" LogTime="11-04-2016 21:43:10" />
  <Log LogId="1147" Status="" LogTime="11-04-2016 21:43:12" />
  <Log LogId="1148" Status="ExecutePayouts SP triggered" LogTime="11-04-2016 22:13:12" />
  <Log LogId="1149" Status="ExecutePayouts SP triggered" LogTime="11-04-2016 22:43:48" />
  <Log LogId="1150" Status="" LogTime="11-04-2016 22:44:01" />
  <Log LogId="1151" Status="ExecutePayouts SP triggered" LogTime="11-04-2016 23:14:01" />
  <Log LogId="1152" Status="" LogTime="11-04-2016 23:14:06" />
  <Log LogId="1153" Status="ExecutePayouts SP triggered" LogTime="11-04-2016 23:44:06" />
  <Log LogId="1154" Status="" LogTime="11-04-2016 23:44:08" />
  <Log LogId="1155" Status="ExecutePayouts SP triggered" LogTime="25-04-2016 23:02:10" />
  <Log LogId="1156" Status="ExecutePayouts SP triggered" LogTime="25-04-2016 23:24:03" />
  <Log LogId="1157" Status="ExecutePayouts SP triggered" LogTime="25-04-2016 23:54:03" />
  <Log LogId="1158" Status="ExecutePayouts SP triggered" LogTime="26-04-2016 00:24:04" />
  <Log LogId="1159" Status="ExecutePayouts SP triggered" LogTime="26-04-2016 00:54:06" />
  <Log LogId="1160" Status="ExecutePayouts SP triggered" LogTime="26-04-2016 01:24:06" />
  <Log LogId="1161" Status="ExecutePayouts SP triggered" LogTime="26-04-2016 01:54:07" />
  <Log LogId="1162" Status="ExecutePayouts SP triggered" LogTime="26-04-2016 02:24:07" />
  <Log LogId="1163" Status="ExecutePayouts SP triggered" LogTime="26-04-2016 02:54:08" />
  <Log LogId="1164" Status="ExecutePayouts SP triggered" LogTime="26-04-2016 03:24:08" />
  <Log LogId="1165" Status="ExecutePayouts SP triggered" LogTime="26-04-2016 03:54:09" />
  <Log LogId="1166" Status="ExecutePayouts SP triggered" LogTime="26-04-2016 04:24:09" />
  <Log LogId="1167" Status="ExecutePayouts SP triggered" LogTime="26-04-2016 04:54:09" />
  <Log LogId="1168" Status="ExecutePayouts SP triggered" LogTime="26-04-2016 05:24:10" />
  <Log LogId="1169" Status="ExecutePayouts SP triggered" LogTime="26-04-2016 05:54:10" />
  <Log LogId="1170" Status="ExecutePayouts SP triggered" LogTime="26-04-2016 06:24:11" />
  <Log LogId="1171" Status="ExecutePayouts SP triggered" LogTime="26-04-2016 06:54:12" />
  <Log LogId="1172" Status="ExecutePayouts SP triggered" LogTime="26-04-2016 07:24:12" />
  <Log LogId="1173" Status="ExecutePayouts SP triggered" LogTime="26-04-2016 07:54:13" />
  <Log LogId="1174" Status="ExecutePayouts SP triggered" LogTime="26-04-2016 08:24:13" />
  <Log LogId="1175" Status="ExecutePayouts SP triggered" LogTime="26-04-2016 21:01:00" />
  <Log LogId="1176" Status="ExecutePayouts SP triggered" LogTime="26-04-2016 21:31:02" />
  <Log LogId="1177" Status="ExecutePayouts SP triggered" LogTime="26-04-2016 22:01:04" />
  <Log LogId="1178" Status="ExecutePayouts SP triggered" LogTime="26-04-2016 22:31:05" />
  <Log LogId="1179" Status="ExecutePayouts SP triggered" LogTime="26-04-2016 23:01:06" />
  <Log LogId="1180" Status="ExecutePayouts SP triggered" LogTime="26-04-2016 23:31:07" />
  <Log LogId="1181" Status="ExecutePayouts SP triggered" LogTime="27-04-2016 00:01:08" />
  <Log LogId="1182" Status="ExecutePayouts SP triggered" LogTime="27-04-2016 00:31:09" />
  <Log LogId="1183" Status="ExecutePayouts SP triggered" LogTime="27-04-2016 01:01:10" />
  <Log LogId="1184" Status="ExecutePayouts SP triggered" LogTime="27-04-2016 01:31:10" />
  <Log LogId="1185" Status="ExecutePayouts SP triggered" LogTime="27-04-2016 02:01:11" />
  <Log LogId="1186" Status="ExecutePayouts SP triggered" LogTime="27-04-2016 02:31:12" />
  <Log LogId="1187" Status="ExecutePayouts SP triggered" LogTime="27-04-2016 03:01:13" />
  <Log LogId="1188" Status="ExecutePayouts SP triggered" LogTime="27-04-2016 03:31:13" />
  <Log LogId="1189" Status="ExecutePayouts SP triggered" LogTime="27-04-2016 04:01:13" />
  <Log LogId="1190" Status="ExecutePayouts SP triggered" LogTime="27-04-2016 04:31:14" />
  <Log LogId="1191" Status="ExecutePayouts SP triggered" LogTime="27-04-2016 05:01:15" />
  <Log LogId="1192" Status="ExecutePayouts SP triggered" LogTime="27-04-2016 05:31:15" />
  <Log LogId="1193" Status="ExecutePayouts SP triggered" LogTime="27-04-2016 06:01:16" />
  <Log LogId="1194" Status="ExecutePayouts SP triggered" LogTime="27-04-2016 06:31:16" />
  <Log LogId="1195" Status="ExecutePayouts SP triggered" LogTime="27-04-2016 07:01:17" />
  <Log LogId="1196" Status="ExecutePayouts SP triggered" LogTime="27-04-2016 07:31:18" />
  <Log LogId="1197" Status="ExecutePayouts SP triggered" LogTime="27-04-2016 08:01:18" />
  <Log LogId="1198" Status="ExecutePayouts SP triggered" LogTime="27-04-2016 08:31:19" />
  <Log LogId="1199" Status="ExecutePayouts SP triggered" LogTime="27-04-2016 09:01:20" />
  <Log LogId="1200" Status="ExecutePayouts SP triggered" LogTime="27-04-2016 12:47:13" />
  <Log LogId="1201" Status="ExecutePayouts SP triggered" LogTime="27-04-2016 13:17:14" />
</ErrorLog>