﻿<?xml version="1.0" encoding="utf-8"?>
<ErrorLog>
  <Log LogId="1" LogTime="07-04-2014 17:58:48" Message="Thread was being aborted." StackTrace="Thread was being aborted." />
  <Log LogId="2" LogTime="10-03-2016 13:31:22" Message="A connection was successfully established with the server, but then an error occurred during the pre-login handshake. (provider: SSL Provider, error: 0 - The wait operation timed out.)" StackTrace="A connection was successfully established with the server, but then an error occurred during the pre-login handshake. (provider: SSL Provider, error: 0 - The wait operation timed out.)" />
  <Log LogId="3" LogTime="11-03-2016 10:00:12" Message="A network-related or instance-specific error occurred while establishing a connection to SQL Server. The server was not found or was not accessible. Verify that the instance name is correct and that SQL Server is configured to allow remote connections. (provider: Named Pipes Provider, error: 40 - Could not open a connection to SQL Server)" StackTrace="A network-related or instance-specific error occurred while establishing a connection to SQL Server. The server was not found or was not accessible. Verify that the instance name is correct and that SQL Server is configured to allow remote connections. (provider: Named Pipes Provider, error: 40 - Could not open a connection to SQL Server)" />
  <Log LogId="4" LogTime="11-04-2016 22:13:48" Message="A network-related or instance-specific error occurred while establishing a connection to SQL Server. The server was not found or was not accessible. Verify that the instance name is correct and that SQL Server is configured to allow remote connections. (provider: Named Pipes Provider, error: 40 - Could not open a connection to SQL Server)" StackTrace="A network-related or instance-specific error occurred while establishing a connection to SQL Server. The server was not found or was not accessible. Verify that the instance name is correct and that SQL Server is configured to allow remote connections. (provider: Named Pipes Provider, error: 40 - Could not open a connection to SQL Server)" />
  <Log LogId="5" LogTime="25-04-2016 23:02:12" Message="Could not find stored procedure 'uspExecutePayouts'." StackTrace="Could not find stored procedure 'uspExecutePayouts'." />
  <Log LogId="6" LogTime="25-04-2016 23:24:03" Message="Could not find stored procedure 'uspExecutePayouts'." StackTrace="Could not find stored procedure 'uspExecutePayouts'." />
  <Log LogId="7" LogTime="25-04-2016 23:54:04" Message="Could not find stored procedure 'uspExecutePayouts'." StackTrace="Could not find stored procedure 'uspExecutePayouts'." />
  <Log LogId="8" LogTime="26-04-2016 00:24:06" Message="Could not find stored procedure 'uspExecutePayouts'." StackTrace="Could not find stored procedure 'uspExecutePayouts'." />
  <Log LogId="9" LogTime="26-04-2016 00:54:06" Message="Could not find stored procedure 'uspExecutePayouts'." StackTrace="Could not find stored procedure 'uspExecutePayouts'." />
  <Log LogId="10" LogTime="26-04-2016 01:24:07" Message="Could not find stored procedure 'uspExecutePayouts'." StackTrace="Could not find stored procedure 'uspExecutePayouts'." />
  <Log LogId="11" LogTime="26-04-2016 01:54:07" Message="Could not find stored procedure 'uspExecutePayouts'." StackTrace="Could not find stored procedure 'uspExecutePayouts'." />
  <Log LogId="12" LogTime="26-04-2016 02:24:08" Message="Could not find stored procedure 'uspExecutePayouts'." StackTrace="Could not find stored procedure 'uspExecutePayouts'." />
  <Log LogId="13" LogTime="26-04-2016 02:54:08" Message="Could not find stored procedure 'uspExecutePayouts'." StackTrace="Could not find stored procedure 'uspExecutePayouts'." />
  <Log LogId="14" LogTime="26-04-2016 03:24:08" Message="Could not find stored procedure 'uspExecutePayouts'." StackTrace="Could not find stored procedure 'uspExecutePayouts'." />
  <Log LogId="15" LogTime="26-04-2016 03:54:09" Message="Could not find stored procedure 'uspExecutePayouts'." StackTrace="Could not find stored procedure 'uspExecutePayouts'." />
  <Log LogId="16" LogTime="26-04-2016 04:24:09" Message="Could not find stored procedure 'uspExecutePayouts'." StackTrace="Could not find stored procedure 'uspExecutePayouts'." />
  <Log LogId="17" LogTime="26-04-2016 04:54:10" Message="Could not find stored procedure 'uspExecutePayouts'." StackTrace="Could not find stored procedure 'uspExecutePayouts'." />
  <Log LogId="18" LogTime="26-04-2016 05:24:10" Message="Could not find stored procedure 'uspExecutePayouts'." StackTrace="Could not find stored procedure 'uspExecutePayouts'." />
  <Log LogId="19" LogTime="26-04-2016 05:54:11" Message="Could not find stored procedure 'uspExecutePayouts'." StackTrace="Could not find stored procedure 'uspExecutePayouts'." />
  <Log LogId="20" LogTime="26-04-2016 06:24:11" Message="Could not find stored procedure 'uspExecutePayouts'." StackTrace="Could not find stored procedure 'uspExecutePayouts'." />
  <Log LogId="21" LogTime="26-04-2016 06:54:12" Message="Could not find stored procedure 'uspExecutePayouts'." StackTrace="Could not find stored procedure 'uspExecutePayouts'." />
  <Log LogId="22" LogTime="26-04-2016 07:24:12" Message="Could not find stored procedure 'uspExecutePayouts'." StackTrace="Could not find stored procedure 'uspExecutePayouts'." />
  <Log LogId="23" LogTime="26-04-2016 07:54:13" Message="Could not find stored procedure 'uspExecutePayouts'." StackTrace="Could not find stored procedure 'uspExecutePayouts'." />
  <Log LogId="24" LogTime="26-04-2016 08:24:14" Message="Could not find stored procedure 'uspExecutePayouts'." StackTrace="Could not find stored procedure 'uspExecutePayouts'." />
  <Log LogId="25" LogTime="26-04-2016 21:01:02" Message="Could not find stored procedure 'uspExecutePayouts'." StackTrace="Could not find stored procedure 'uspExecutePayouts'." />
  <Log LogId="26" LogTime="26-04-2016 21:31:03" Message="Could not find stored procedure 'uspExecutePayouts'." StackTrace="Could not find stored procedure 'uspExecutePayouts'." />
  <Log LogId="27" LogTime="26-04-2016 22:01:04" Message="Could not find stored procedure 'uspExecutePayouts'." StackTrace="Could not find stored procedure 'uspExecutePayouts'." />
  <Log LogId="28" LogTime="26-04-2016 22:31:06" Message="Could not find stored procedure 'uspExecutePayouts'." StackTrace="Could not find stored procedure 'uspExecutePayouts'." />
  <Log LogId="29" LogTime="26-04-2016 23:01:07" Message="Could not find stored procedure 'uspExecutePayouts'." StackTrace="Could not find stored procedure 'uspExecutePayouts'." />
  <Log LogId="30" LogTime="26-04-2016 23:31:08" Message="Could not find stored procedure 'uspExecutePayouts'." StackTrace="Could not find stored procedure 'uspExecutePayouts'." />
  <Log LogId="31" LogTime="27-04-2016 00:01:09" Message="Could not find stored procedure 'uspExecutePayouts'." StackTrace="Could not find stored procedure 'uspExecutePayouts'." />
  <Log LogId="32" LogTime="27-04-2016 00:31:09" Message="Could not find stored procedure 'uspExecutePayouts'." StackTrace="Could not find stored procedure 'uspExecutePayouts'." />
  <Log LogId="33" LogTime="27-04-2016 01:01:10" Message="Could not find stored procedure 'uspExecutePayouts'." StackTrace="Could not find stored procedure 'uspExecutePayouts'." />
  <Log LogId="34" LogTime="27-04-2016 01:31:11" Message="Could not find stored procedure 'uspExecutePayouts'." StackTrace="Could not find stored procedure 'uspExecutePayouts'." />
  <Log LogId="35" LogTime="27-04-2016 02:01:12" Message="Could not find stored procedure 'uspExecutePayouts'." StackTrace="Could not find stored procedure 'uspExecutePayouts'." />
  <Log LogId="36" LogTime="27-04-2016 02:31:12" Message="Could not find stored procedure 'uspExecutePayouts'." StackTrace="Could not find stored procedure 'uspExecutePayouts'." />
  <Log LogId="37" LogTime="27-04-2016 03:01:13" Message="Could not find stored procedure 'uspExecutePayouts'." StackTrace="Could not find stored procedure 'uspExecutePayouts'." />
  <Log LogId="38" LogTime="27-04-2016 03:31:13" Message="Could not find stored procedure 'uspExecutePayouts'." StackTrace="Could not find stored procedure 'uspExecutePayouts'." />
  <Log LogId="39" LogTime="27-04-2016 04:01:14" Message="Could not find stored procedure 'uspExecutePayouts'." StackTrace="Could not find stored procedure 'uspExecutePayouts'." />
  <Log LogId="40" LogTime="27-04-2016 04:31:14" Message="Could not find stored procedure 'uspExecutePayouts'." StackTrace="Could not find stored procedure 'uspExecutePayouts'." />
  <Log LogId="41" LogTime="27-04-2016 05:01:15" Message="Could not find stored procedure 'uspExecutePayouts'." StackTrace="Could not find stored procedure 'uspExecutePayouts'." />
  <Log LogId="42" LogTime="27-04-2016 05:31:15" Message="Could not find stored procedure 'uspExecutePayouts'." StackTrace="Could not find stored procedure 'uspExecutePayouts'." />
  <Log LogId="43" LogTime="27-04-2016 06:01:16" Message="Could not find stored procedure 'uspExecutePayouts'." StackTrace="Could not find stored procedure 'uspExecutePayouts'." />
  <Log LogId="44" LogTime="27-04-2016 06:31:16" Message="Could not find stored procedure 'uspExecutePayouts'." StackTrace="Could not find stored procedure 'uspExecutePayouts'." />
  <Log LogId="45" LogTime="27-04-2016 07:01:17" Message="Could not find stored procedure 'uspExecutePayouts'." StackTrace="Could not find stored procedure 'uspExecutePayouts'." />
  <Log LogId="46" LogTime="27-04-2016 07:31:18" Message="Could not find stored procedure 'uspExecutePayouts'." StackTrace="Could not find stored procedure 'uspExecutePayouts'." />
  <Log LogId="47" LogTime="27-04-2016 08:01:19" Message="Could not find stored procedure 'uspExecutePayouts'." StackTrace="Could not find stored procedure 'uspExecutePayouts'." />
  <Log LogId="48" LogTime="27-04-2016 08:31:20" Message="Could not find stored procedure 'uspExecutePayouts'." StackTrace="Could not find stored procedure 'uspExecutePayouts'." />
  <Log LogId="49" LogTime="27-04-2016 09:01:22" Message="Could not find stored procedure 'uspExecutePayouts'." StackTrace="Could not find stored procedure 'uspExecutePayouts'." />
  <Log LogId="50" LogTime="27-04-2016 12:47:14" Message="Could not find stored procedure 'uspExecutePayouts'." StackTrace="Could not find stored procedure 'uspExecutePayouts'." />
  <Log LogId="51" LogTime="27-04-2016 13:17:17" Message="Could not find stored procedure 'uspExecutePayouts'." StackTrace="Could not find stored procedure 'uspExecutePayouts'." />
</ErrorLog>