﻿<?xml version="1.0" encoding="utf-8" ?>
<Cities>
  <City ID="1" Name="Mumbai" StateID="15" />
  <City ID="2" Name="Delhi" StateID="6" />
  <City ID="3" Name="Bangalore" StateID="13" />
  <City ID="4" Name="Hyderabad" StateID="1" />
  <City ID="5" Name="Ahmedabad" StateID="8" />
  <City ID="6" Name="Chennai" StateID="25" />
  <City ID="7" Name="Kolkata" StateID="29" />
  <City ID="8" Name="Surat" StateID="8" />
  <City ID="9" Name="Pune" StateID="16" />
  <City ID="10" Name="Jaipur" StateID="23" />
  <City ID="11" Name="Lucknow" StateID="27" />
  <City ID="12" Name="Kanpur" StateID="27" />
  <City ID="13" Name="Nagpur" StateID="16" />
  <City ID="14" Name="Indore" StateID="15" />
  <City ID="15" Name="Thane" StateID="16" />
  <City ID="16" Name="Bhopal" StateID="15" />
  <City ID="17" Name="Visakhapatnam" StateID="1" />
  <City ID="18" Name="Pimpri-Chinchwad" StateID="16" />
  <City ID="19" Name="Patna" StateID="4" />
  <City ID="20" Name="Vadodara" StateID="8" />
  <City ID="21" Name="Ghaziabad" StateID="27" />
  <City ID="22" Name="Ludhiana" StateID="22" />
  <City ID="23" Name="Agra" StateID="27" />
  <City ID="24" Name="Nashik" StateID="16" />
  <City ID="25" Name="Faridabad" StateID="9" />
  <City ID="26" Name="Meerut" StateID="27" />
  <City ID="27" Name="Rajkot" StateID="8" />
  <City ID="28" Name="Kalyan-Dombivali" StateID="16" />
  <City ID="29" Name="Vasai-Virar" StateID="16" />
  <City ID="30" Name="Varanasi" StateID="27" />
  <City ID="31" Name="Srinagar" StateID="11" />
  <City ID="32" Name="Aurangabad" StateID="16" />
  <City ID="33" Name="Dhanbad" StateID="12" />
  <City ID="34" Name="Amritsar" StateID="22" />
  <City ID="35" Name="Navi Mumbai" StateID="16" />
  <City ID="36" Name="Allahabad" StateID="27" />
  <City ID="37" Name="Ranchi" StateID="12" />
  <City ID="38" Name="Howrah" StateID="29" />
  <City ID="39" Name="Coimbatore" StateID="25" />
  <City ID="40" Name="Jabalpur" StateID="15" />
  <City ID="41" Name="Gwalior" StateID="15" />
  <City ID="42" Name="Vijayawada" StateID="1" />
  <City ID="43" Name="Jodhpur" StateID="23" />
  <City ID="44" Name="Madurai" StateID="25" />
  <City ID="45" Name="Raipur" StateID="5" />
  <City ID="46" Name="Kota" StateID="23" />
  <City ID="47" Name="Guwahati" StateID="3" />
  <City ID="48" Name="Chandigarh" StateID="20" />
  <City ID="49" Name="Solapur" StateID="16" />
  <City ID="50" Name="Hubballi-Dharwad" StateID="13" />
  <City ID="51" Name="Bareilly" StateID="27" />
  <City ID="52" Name="Moradabad" StateID="27" />
  <City ID="53" Name="Mysore" StateID="13" />
  <City ID="54" Name="Gurgaon" StateID="9" />
  <City ID="55" Name="Aligarh" StateID="27" />
  <City ID="56" Name="Jalandhar" StateID="22" />
  <City ID="57" Name="Tiruchirappalli" StateID="25" />
  <City ID="58" Name="Bhubaneswar" StateID="21" />
  <City ID="59" Name="Salem" StateID="25" />
  <City ID="60" Name="Mira-Bhayandar" StateID="16" />
  <City ID="61" Name="Trivandrum(Thiruvananthapuram)" StateID="14" />
  <City ID="62" Name="Bhiwandi" StateID="16" />
  <City ID="63" Name="Saharanpur" StateID="27" />
  <City ID="64" Name="Gorakhpur" StateID="27" />
  <City ID="65" Name="Guntur" StateID="1" />
  <City ID="66" Name="Bikaner" StateID="23" />
  <City ID="67" Name="Amravati" StateID="16" />
  <City ID="68" Name="Noida" StateID="27" />
  <City ID="69" Name="Jamshedpur" StateID="12" />
  <City ID="70" Name="Bhilai" StateID="5" />
  <City ID="71" Name="Warangal" StateID="1" />
  <City ID="72" Name="Mangalore" StateID="13" />
  <City ID="73" Name="Cuttack" StateID="21" />
  <City ID="74" Name="Firozabad" StateID="27" />
  <City ID="75" Name="Kochi (Cochin)" StateID="14" />
  <City ID="76" Name="Bhavnagar" StateID="8" />
  <City ID="77" Name="Dehradun" StateID="28" />
  <City ID="78" Name="Durgapur" StateID="29" />
  <City ID="79" Name="Asansol" StateID="29" />
  <City ID="80" Name="Nanded" StateID="16" />
  <City ID="81" Name="Kolhapur" StateID="16" />
  <City ID="82" Name="Ajmer" StateID="23" />
  <City ID="83" Name="Gulbarga" StateID="13" />
  <City ID="84" Name="Jamnagar" StateID="8" />
  <City ID="85" Name="Ujjain" StateID="15" />
  <City ID="86" Name="Loni" StateID="27" />
  <City ID="87" Name="Siliguri" StateID="29" />
  <City ID="88" Name="Jhansi" StateID="27" />
  <City ID="89" Name="Ulhasnagar" StateID="15" />
  <City ID="90" Name="Nellore" StateID="1" />
  <City ID="91" Name="Jammu" StateID="11" />
  <City ID="92" Name="Sangli-Miraj Kupwad" StateID="16" />
  <City ID="93" Name="Belgaum" StateID="13" />
  <City ID="94" Name="Ambattur" StateID="25" />
  <City ID="95" Name="Tirunelveli" StateID="25" />
  <City ID="96" Name="Malegaon" StateID="15" />
  <City ID="97" Name="Gaya" StateID="4" />
  <City ID="98" Name="Jalgaon" StateID="15" />
  <City ID="99" Name="Udaipur" StateID="23" />
  <City ID="100" Name="Maheshtala" StateID="29" />
  <City ID="101" Name="Tirupur" StateID="25" />
  <City ID="102" Name="Davanagere" StateID="13" />
  <City ID="103" Name="Kozhikode (Calicut)" StateID="14" />
  <City ID="104" Name="Akola" StateID="16" />
  <City ID="105" Name="Kurnool" StateID="1" />
  <City ID="106" Name="Rajpur Sonarpur" StateID="29" />
  <City ID="107" Name="Bokaro" StateID="12" />
  <City ID="108" Name="South Dumdum" StateID="29" />
  <City ID="109" Name="Bellary" StateID="13" />
  <City ID="110" Name="Patiala" StateID="22" />
  <City ID="111" Name="Gopalpur" StateID="29" />
  <City ID="112" Name="Agartala" StateID="26" />
  <City ID="113" Name="Bhagalpur" StateID="4" />
  <City ID="114" Name="Muzaffarnagar" StateID="27" />
  <City ID="115" Name="Bhatpara" StateID="29" />
  <City ID="116" Name="Panihati" StateID="29" />
  <City ID="117" Name="Latur" StateID="16" />
  <City ID="118" Name="Dhule" StateID="16" />
  <City ID="119" Name="Rohtak" StateID="9" />
  <City ID="120" Name="Korba" StateID="5" />
  <City ID="121" Name="Bhilwara" StateID="23" />
  <City ID="122" Name="Brahmapur" StateID="21" />
  <City ID="123" Name="Muzaffarpur" StateID="4" />
  <City ID="124" Name="Ahmednagar" StateID="16" />
  <City ID="125" Name="Mathura" StateID="27" />
  <City ID="126" Name="Kollam (Quilon)" StateID="14" />
  <City ID="127" Name="Avadi" StateID="25" />
  <City ID="128" Name="Rajahmundry" StateID="1" />
  <City ID="129" Name="Kadapa" StateID="1" />
  <City ID="130" Name="Kamarhati" StateID="29" />
  <City ID="131" Name="Bilaspur" StateID="5" />
  <City ID="132" Name="Shahjahanpur" StateID="27" />
  <City ID="133" Name="Bijapur" StateID="13" />
  <City ID="134" Name="Rampur" StateID="27" />
  <City ID="135" Name="Shivamogga (Shimoga)" StateID="13" />
  <City ID="136" Name="Chandrapur" StateID="16" />
  <City ID="137" Name="Junagadh" StateID="8" />
  <City ID="138" Name="Thrissur" StateID="14" />
  <City ID="139" Name="Alwar" StateID="23" />
  <City ID="140" Name="Bardhaman" StateID="29" />
  <City ID="141" Name="Kulti" StateID="29" />
  <City ID="142" Name="Kakinada" StateID="1" />
  <City ID="143" Name="Nizamabad" StateID="1" />
  <City ID="144" Name="Parbhani" StateID="16" />
  <City ID="145" Name="Tumkur" StateID="13" />
  <City ID="146" Name="Hisar" StateID="9" />
  <City ID="148" Name="Bihar Sharif" StateID="4" />
  <City ID="149" Name="Panipat" StateID="9" />
  <City ID="150" Name="Darbhanga" StateID="4" />
  <City ID="151" Name="Bally" StateID="29" />
  <City ID="152" Name="Aizawl" StateID="19" />
  <City ID="153" Name="Dewas" StateID="15" />
  <City ID="154" Name="Ichalkaranji" StateID="16" />
  <City ID="155" Name="Tirupati" StateID="1" />  
  <City ID="172" Name="Anantapur" StateID="1" />
  <City ID="174" Name="Karimnagar" StateID="1" />
  <City ID="180" Name="New Delhi" StateID="6" />
  <City ID="191" Name="Ramagundam" StateID="1" />
  <City ID="192" Name="Vizianagaram" StateID="1" />
  </Cities>