﻿<?xml version="1.0" encoding="utf-8" ?>
<States>
  <State ID="1" Name="Andhra Pradesh" />
  <State ID="2" Name="Arunachal Pradesh" />
  <State ID="3" Name="Assam" />
  <State ID="4" Name="Bihar" />
  <State ID="5" Name="Chhattisgarh" />
  <State ID="30" Name="Chandigarh" />
  <State ID="6" Name="Delhi" />
  <State ID="7" Name="Goa" />
  <State ID="8" Name="Gujarat" />
  <State ID="9" Name="Haryana" />
  <State ID="10" Name="Himachal Pradesh" />
  <State ID="11" Name="Jammu and Kashmir" />
  <State ID="12" Name="Jharkhand" />
  <State ID="13" Name="Karnataka" />
  <State ID="14" Name="Kerala" />
  <State ID="15" Name="Madhya Pradesh" />
  <State ID="16" Name="Maharashtra" />
  <State ID="17" Name="Manipur" />
  <State ID="18" Name="Meghalaya" />
  <State ID="19" Name="Mizoram" />
  <State ID="20" Name="Nagaland" />
  <State ID="21" Name="Orissa" />
  <State ID="22" Name="Punjab" />
  <State ID="23" Name="Rajasthan" />
  <State ID="24" Name="Sikkim" />
  <State ID="25" Name="Tamilnadu" />
  <State ID="26" Name="Telangana" />
  <State ID="26" Name="Tripura" />
  <State ID="27" Name="Uttar Pradesh" />
  <State ID="28" Name="Uttarakhand" />
  <State ID="29" Name="West Bengal" />
</States>